Price,Close,High,Low,Open,Volume
Ticker,GE=F,GE=F,GE=F,GE=F,GE=F
Date,,,,,
2006-01-01,95.40499877929688,95.41500091552734,95.3949966430664,95.3949966430664,12543
2006-01-08,95.39749908447266,95.41000366210938,95.38999938964844,95.40750122070312,7624
2006-01-15,95.31999969482422,95.4000015258789,95.3125,95.3949966430664,11416
2006-01-22,95.2874984741211,95.33000183105469,95.27999877929688,95.33000183105469,12072
2006-01-29,95.25499725341797,95.28250122070312,95.25499725341797,95.28250122070312,7201
2006-02-05,95.25499725341797,95.26499938964844,95.25,95.26499938964844,3672
2006-02-12,95.11750030517578,95.25499725341797,95.10250091552734,95.25499725341797,659219
2006-02-19,95.11000061035156,95.12000274658203,95.10250091552734,95.11750030517578,524305
2006-02-26,95.1050033569336,95.12249755859375,95.10250091552734,95.11000061035156,596638
2006-03-05,95.09249877929688,95.11000061035156,95.08999633789062,95.1050033569336,698702
2006-03-12,95.0,95.09249877929688,94.95500183105469,95.09249877929688,29912
2006-03-19,94.99500274658203,95.01000213623047,94.97250366210938,94.99500274658203,25455
2006-03-26,94.94999694824219,94.99749755859375,94.94499969482422,94.98750305175781,18684
2006-04-02,94.93250274658203,94.97000122070312,94.92500305175781,94.97000122070312,17604
2006-04-09,94.92250061035156,94.93000030517578,94.91999816894531,94.93000030517578,9665
2006-04-16,94.83000183105469,94.8550033569336,94.81999969482422,94.81999969482422,9163
2006-04-23,94.8550033569336,94.86000061035156,94.7925033569336,94.8324966430664,19332
2006-04-30,94.83499908447266,94.84500122070312,94.80999755859375,94.84249877929688,16566
2006-05-07,94.82250213623047,94.8375015258789,94.81749725341797,94.8375015258789,5777
2006-05-14,94.70500183105469,94.83000183105469,94.69999694824219,94.82749938964844,1308667
2006-05-21,94.72750091552734,94.75250244140625,94.69750213623047,94.70249938964844,1049364
2006-05-28,94.73249816894531,94.74749755859375,94.65750122070312,94.7249984741211,1196152
2006-06-04,94.65750122070312,94.73999786376953,94.65499877929688,94.73999786376953,985793
2006-06-11,94.57499694824219,94.65750122070312,94.56749725341797,94.65750122070312,852590
2006-06-18,94.44999694824219,94.48999786376953,94.44000244140625,94.48500061035156,19499
2006-06-25,94.50749969482422,94.50749969482422,94.44000244140625,94.44499969482422,27247
2006-07-02,94.48750305175781,94.5,94.45999908447266,94.4749984741211,11520
2006-07-09,94.51499938964844,94.51750183105469,94.4800033569336,94.48750305175781,19645
2006-07-16,94.5,94.52749633789062,94.375,94.51000213623047,25096
2006-07-23,94.54750061035156,94.55249786376953,94.47000122070312,94.48999786376953,20240
2006-07-30,94.5625,94.58499908447266,94.48999786376953,94.52999877929688,27815
2006-08-06,94.58999633789062,94.62000274658203,94.54000091552734,94.55000305175781,31130
2006-08-13,94.57749938964844,94.59500122070312,94.5199966430664,94.58000183105469,1379423
2006-08-20,94.58499908447266,94.58999633789062,94.56999969482422,94.57499694824219,690506
2006-08-27,94.6050033569336,94.60749816894531,94.5625,94.58499908447266,843464
2006-09-03,94.6050033569336,94.61000061035156,94.59500122070312,94.61000061035156,736669
2006-09-10,94.60749816894531,94.61000061035156,94.59750366210938,94.6050033569336,887902
2006-09-17,94.63249969482422,94.6500015258789,94.5999984741211,94.60749816894531,36930
2006-09-24,94.62999725341797,94.65499877929688,94.625,94.63249969482422,30615
2006-10-01,94.62750244140625,94.63999938964844,94.62249755859375,94.62750244140625,28317
2006-10-08,94.62249755859375,94.62999725341797,94.62000274658203,94.62999725341797,25332
2006-10-15,94.61750030517578,94.625,94.61499786376953,94.625,16975
2006-10-22,94.625,94.625,94.60250091552734,94.61750030517578,10829
2006-10-29,94.61750030517578,94.6449966430664,94.61750030517578,94.62249755859375,10868
2006-11-05,94.62750244140625,94.62999725341797,94.61750030517578,94.62000274658203,8197
2006-11-12,94.62750244140625,94.63249969482422,94.61250305175781,94.62750244140625,930566
2006-11-19,94.63500213623047,94.63749694824219,94.62750244140625,94.62750244140625,399046
2006-11-26,94.66000366210938,94.67250061035156,94.62999725341797,94.63500213623047,1108934
2006-12-03,94.63500213623047,94.66999816894531,94.62999725341797,94.6500015258789,926261
2006-12-10,94.63500213623047,94.64250183105469,94.62999725341797,94.63249969482422,704948
2006-12-17,94.6500015258789,94.65499877929688,94.625,94.63749694824219,32491
2006-12-24,94.6449966430664,94.65249633789062,94.64250183105469,94.6500015258789,7228
2006-12-31,94.64250183105469,94.65249633789062,94.63749694824219,94.6449966430664,6719
2007-01-07,94.63999938964844,94.6449966430664,94.63749694824219,94.63749694824219,12400
2007-01-14,94.63999938964844,94.6449966430664,94.63500213623047,94.63999938964844,14979
2007-01-21,94.63749694824219,94.63999938964844,94.63249969482422,94.63749694824219,6122
2007-01-28,94.63749694824219,94.63999938964844,94.63249969482422,94.63249969482422,14806
2007-02-04,94.63749694824219,94.63999938964844,94.63500213623047,94.63500213623047,4919
2007-02-11,94.64250183105469,94.64250183105469,94.63500213623047,94.63749694824219,186830
2007-02-18,94.63999938964844,94.6449966430664,94.63749694824219,94.64250183105469,488547
2007-02-25,94.67250061035156,94.76000213623047,94.63999938964844,94.64250183105469,1293602
2007-03-04,94.6449966430664,94.69999694824219,94.63999938964844,94.67500305175781,874684
2007-03-11,94.6500015258789,94.66000366210938,94.63999938964844,94.6449966430664,785276
2007-03-18,94.6675033569336,94.67500305175781,94.64749908447266,94.64749908447266,66519
2007-03-25,94.6624984741211,94.67250061035156,94.66000366210938,94.66000366210938,16189
2007-04-01,94.6500015258789,94.6675033569336,94.64749908447266,94.6675033569336,12728
2007-04-08,94.6449966430664,94.64749908447266,94.63999938964844,94.64749908447266,8684
2007-04-15,94.65249633789062,94.66000366210938,94.63999938964844,94.63999938964844,21968
2007-04-22,94.64749908447266,94.6624984741211,94.6449966430664,94.65750122070312,18320
2007-04-29,94.64749908447266,94.65499877929688,94.63999938964844,94.64749908447266,10091
2007-05-06,94.64250183105469,94.64749908447266,94.63999938964844,94.64250183105469,5163
2007-05-13,94.64749908447266,94.66000366210938,94.63999938964844,94.63999938964844,614525
2007-05-20,94.64250183105469,94.6500015258789,94.63749694824219,94.64749908447266,746649
2007-05-27,94.63749694824219,94.64250183105469,94.63500213623047,94.63999938964844,503629
2007-06-03,94.63749694824219,94.63999938964844,94.63500213623047,94.63999938964844,620033
2007-06-10,94.63749694824219,94.6500015258789,94.63500213623047,94.63999938964844,511671
2007-06-17,94.6449966430664,94.64749908447266,94.63749694824219,94.63999938964844,36624
2007-06-24,94.64250183105469,94.65499877929688,94.63999938964844,94.6449966430664,21147
2007-07-01,94.63999938964844,94.64749908447266,94.63999938964844,94.64749908447266,5728
2007-07-08,94.64250183105469,94.6449966430664,94.63999938964844,94.63999938964844,8038
2007-07-15,94.65249633789062,94.66000366210938,94.63999938964844,94.64250183105469,16016
2007-07-22,94.69499969482422,94.70999908447266,94.6449966430664,94.6500015258789,7473
2007-07-29,94.68250274658203,94.70500183105469,94.65249633789062,94.69000244140625,42292
2007-08-05,94.5,94.71749877929688,94.47000122070312,94.71749877929688,115212
2007-08-12,94.88749694824219,95.0,94.44000244140625,94.5,2647684
2007-08-19,94.6675033569336,94.98500061035156,94.61750030517578,94.875,1952268
2007-08-26,94.49250030517578,94.70500183105469,94.44499969482422,94.66999816894531,1683232
2007-09-02,94.44000244140625,94.48999786376953,94.37000274658203,94.48249816894531,2033301
2007-09-09,94.40499877929688,94.47000122070312,94.30999755859375,94.47000122070312,1436052
2007-09-16,94.9000015258789,94.94499969482422,94.38500213623047,94.40750122070312,225975
2007-09-23,94.82749938964844,94.88999938964844,94.76000213623047,94.88999938964844,136142
2007-09-30,94.75749969482422,94.8324966430664,94.75,94.8324966430664,121853
2007-10-07,94.7874984741211,94.80000305175781,94.75,94.75499725341797,73744
2007-10-14,95.11250305175781,95.13999938964844,94.78500366210938,94.79750061035156,71025
2007-10-21,95.22250366210938,95.23750305175781,95.08999633789062,95.11499786376953,78604
2007-10-28,95.15499877929688,95.2249984741211,95.1050033569336,95.20999908447266,114578
2007-11-04,95.15499877929688,95.19999694824219,95.05000305175781,95.12999725341797,100048
2007-11-11,95.0250015258789,95.19000244140625,95.01499938964844,95.16000366210938,351952
2007-11-18,95.1875,95.24250030517578,95.0625,95.11250305175781,1368908
2007-11-25,95.15499877929688,95.21749877929688,95.05249786376953,95.18250274658203,1992752
2007-12-02,95.01499938964844,95.16999816894531,94.94999694824219,95.16000366210938,1666486
2007-12-09,95.06500244140625,95.19999694824219,94.91000366210938,95.01499938964844,2312868
2007-12-16,95.32499694824219,95.3499984741211,95.04499816894531,95.05999755859375,100142
2007-12-23,95.39749908447266,95.4000015258789,95.3125,95.32499694824219,22723
2007-12-30,95.54000091552734,95.55500030517578,95.39749908447266,95.40249633789062,52740
2008-01-06,95.83999633789062,95.85250091552734,95.54000091552734,95.55000305175781,116693
2008-01-13,96.3324966430664,96.36000061035156,95.87000274658203,95.87000274658203,93646
2008-01-20,96.83000183105469,97.11000061035156,96.38999938964844,96.40499877929688,72918
2008-01-27,96.88999938964844,97.03500366210938,96.74500274658203,96.87999725341797,108346
2008-02-03,97.0250015258789,97.0250015258789,96.81999969482422,96.87999725341797,98369
2008-02-10,96.93000030517578,97.0250015258789,96.90750122070312,97.0250015258789,71332
2008-02-17,97.0250015258789,97.11000061035156,96.92749786376953,96.93000030517578,1244399
2008-02-24,97.19000244140625,97.20500183105469,96.99250030517578,97.0250015258789,1293669
2008-03-02,97.24500274658203,97.2699966430664,97.08499908447266,97.19999694824219,1366457
2008-03-09,97.3375015258789,97.375,97.17500305175781,97.25,1586477
2008-03-16,97.52749633789062,97.79000091552734,97.31500244140625,97.32749938964844,167244
2008-03-23,97.42500305175781,97.4800033569336,97.37999725341797,97.47000122070312,103016
2008-03-30,97.36000061035156,97.44999694824219,97.2699966430664,97.43000030517578,128833
2008-04-06,97.28500366210938,97.33999633789062,97.25,97.33499908447266,77793
2008-04-13,97.0,97.42500305175781,96.93250274658203,97.2874984741211,112331
2008-04-20,97.13500213623047,97.17500305175781,97.0374984741211,97.06500244140625,66877
2008-04-27,97.34500122070312,97.38999938964844,97.13999938964844,97.1449966430664,105008
2008-05-04,97.3375015258789,97.37999725341797,97.2925033569336,97.33499908447266,56341
2008-05-11,97.31749725341797,97.3499984741211,97.20500183105469,97.33999633789062,86395
2008-05-18,97.37750244140625,97.42500305175781,97.32749938964844,97.33000183105469,1181583
2008-05-25,97.29750061035156,97.39749908447266,97.2300033569336,97.37000274658203,1039116
2008-06-01,97.26750183105469,97.34249877929688,97.23999786376953,97.31500244140625,1113718
2008-06-08,97.18250274658203,97.2874984741211,97.14250183105469,97.27249908447266,1400556
2008-06-15,97.09750366210938,97.19999694824219,96.95999908447266,97.18250274658203,148208
2008-06-22,97.22250366210938,97.23750305175781,97.0625,97.09750366210938,99234
2008-06-29,97.20249938964844,97.2249984741211,97.19000244140625,97.2249984741211,62245
2008-07-06,97.20249938964844,97.21749877929688,97.19249725341797,97.20999908447266,78480
2008-07-13,97.14250183105469,97.20999908447266,97.125,97.19000244140625,71402
2008-07-20,97.15249633789062,97.17500305175781,97.08999633789062,97.1500015258789,29700
2008-07-27,97.20500183105469,97.25749969482422,97.15499877929688,97.16000366210938,67705
2008-08-03,97.19999694824219,97.22000122070312,97.18000030517578,97.20500183105469,40654
2008-08-10,97.18499755859375,97.19999694824219,97.18000030517578,97.19999694824219,52746
2008-08-17,97.16999816894531,97.19499969482422,97.12999725341797,97.18250274658203,680884
2008-08-24,97.17749786376953,97.18250274658203,97.16000366210938,97.16500091552734,456925
2008-08-31,97.18250274658203,97.19249725341797,97.16999816894531,97.17250061035156,744439
2008-09-07,97.18499755859375,97.22250366210938,97.15499877929688,97.15499877929688,954786
2008-09-14,96.59500122070312,97.27249908447266,96.16000366210938,97.1875,249970
2008-09-21,96.33000183105469,96.69999694824219,96.0,96.55000305175781,194031
2008-09-28,96.0425033569336,96.41999816894531,95.70500183105469,96.33999633789062,253746
2008-10-05,95.31749725341797,96.25,95.25,96.05000305175781,348975
2008-10-12,96.89749908447266,97.0,95.20999908447266,95.3499984741211,215630
2008-10-19,97.02999877929688,97.4800033569336,96.9000015258789,96.94750213623047,189291
2008-10-26,97.62000274658203,97.68499755859375,97.05249786376953,97.06500244140625,149535
2008-11-02,97.87000274658203,97.94499969482422,97.5999984741211,97.69000244140625,122164
2008-11-09,97.73999786376953,98.00250244140625,97.61000061035156,97.88999938964844,93943
2008-11-16,97.99749755859375,98.1500015258789,97.73999786376953,97.73999786376953,793494
2008-11-23,97.875,98.10749816894531,97.81999969482422,98.03250122070312,659200
2008-11-30,97.85749816894531,97.98999786376953,97.80999755859375,97.875,764483
2008-12-07,98.11499786376953,98.1500015258789,97.82499694824219,97.86250305175781,839820
2008-12-14,98.6500015258789,98.70999908447266,98.11000061035156,98.11499786376953,211362
2008-12-21,98.62750244140625,98.6624984741211,98.58999633789062,98.64250183105469,38141
2008-12-28,98.69999694824219,98.7699966430664,98.66999816894531,98.68000030517578,45820
2009-01-04,98.95500183105469,98.98999786376953,98.63500213623047,98.69999694824219,130153
2009-01-11,98.81999969482422,99.03500366210938,98.79000091552734,98.9749984741211,99048
2009-01-18,98.80249786376953,98.98500061035156,98.7750015258789,98.82499694824219,135022
2009-01-25,98.73500061035156,98.93000030517578,98.73249816894531,98.78500366210938,106033
2009-02-01,98.87249755859375,98.9000015258789,98.6500015258789,98.66000366210938,85733
2009-02-08,98.75749969482422,98.875,98.75,98.83999633789062,215243
2009-02-15,98.76249694824219,98.79499816894531,98.64250183105469,98.75,966851
2009-02-22,98.7125015258789,98.80000305175781,98.68250274658203,98.77999877929688,874102
2009-03-01,98.63999938964844,98.73999786376953,98.5625,98.72000122070312,954953
2009-03-08,98.68250274658203,98.69000244140625,98.54499816894531,98.66999816894531,912768
2009-03-15,98.74749755859375,98.8324966430664,98.61250305175781,98.68250274658203,253598
2009-03-22,98.80249786376953,98.8125,98.72000122070312,98.75499725341797,127978
2009-03-29,98.84750366210938,98.87750244140625,98.77999877929688,98.80500030517578,94871
2009-04-05,98.87000274658203,98.88249969482422,98.8375015258789,98.8375015258789,87539
2009-04-12,98.92749786376953,98.94999694824219,98.9000015258789,98.93499755859375,46882
2009-04-19,98.97250366210938,98.99749755859375,98.85250091552734,98.94249725341797,78258
2009-04-26,99.0374984741211,99.05750274658203,98.9749984741211,98.97750091552734,67846
2009-05-03,99.13999938964844,99.15750122070312,99.04750061035156,99.04750061035156,48021
2009-05-10,99.19750213623047,99.19999694824219,99.11750030517578,99.12999725341797,56982
2009-05-17,99.30000305175781,99.44249725341797,99.18250274658203,99.18250274658203,1423480
2009-05-24,99.33999633789062,99.34500122070312,99.23999786376953,99.30000305175781,895819
2009-05-31,99.30249786376953,99.38999938964844,99.28250122070312,99.3375015258789,1003461
2009-06-07,99.37750244140625,99.38249969482422,99.30000305175781,99.31999969482422,704307
2009-06-14,99.32250213623047,99.38249969482422,99.26249694824219,99.38249969482422,149273
2009-06-21,99.38999938964844,99.4000015258789,99.33000183105469,99.33000183105469,101490
2009-06-28,99.4375,99.4625015258789,99.38249969482422,99.38500213623047,93150
2009-07-05,99.50250244140625,99.51000213623047,99.44999694824219,99.47000122070312,77689
2009-07-12,99.49749755859375,99.50499725341797,99.44000244140625,99.5,53562
2009-07-19,99.5,99.51499938964844,99.48999786376953,99.5,40216
2009-07-26,99.53500366210938,99.5374984741211,99.49500274658203,99.49500274658203,28625
2009-08-02,99.52749633789062,99.55500030517578,99.51750183105469,99.54000091552734,31495
2009-08-09,99.57250213623047,99.57499694824219,99.52999877929688,99.52999877929688,30057
2009-08-16,99.59249877929688,99.60250091552734,99.54000091552734,99.56500244140625,548823
2009-08-23,99.6675033569336,99.67749786376953,99.58999633789062,99.5999984741211,484025
2009-08-30,99.67500305175781,99.68499755859375,99.5999984741211,99.67500305175781,607885
2009-09-06,99.69499969482422,99.70500183105469,99.68000030517578,99.68000030517578,645281
2009-09-13,99.625,99.70249938964844,99.61499786376953,99.69499969482422,123073
2009-09-20,99.67749786376953,99.69499969482422,99.63500213623047,99.63500213623047,86986
2009-09-27,99.7074966430664,99.7125015258789,99.67749786376953,99.67749786376953,77987
2009-10-04,99.70249938964844,99.7125015258789,99.69750213623047,99.70500183105469,49681
2009-10-11,99.71499633789062,99.71749877929688,99.70249938964844,99.70500183105469,45612
2009-10-18,99.69249725341797,99.71499633789062,99.67749786376953,99.71499633789062,52706
2009-10-25,99.7074966430664,99.70999908447266,99.69000244140625,99.69499969482422,35182
2009-11-01,99.72250366210938,99.7249984741211,99.70249938964844,99.70249938964844,33174
2009-11-08,99.7300033569336,99.7300033569336,99.72250366210938,99.7249984741211,22909
2009-11-15,99.73500061035156,99.74250030517578,99.72000122070312,99.72750091552734,531182
2009-11-22,99.69750213623047,99.74500274658203,99.66999816894531,99.73750305175781,569956
2009-11-29,99.73750305175781,99.73999786376953,99.70500183105469,99.70500183105469,637725
2009-12-06,99.74250030517578,99.74749755859375,99.73500061035156,99.73750305175781,514577
2009-12-13,99.71749877929688,99.74749755859375,99.68499755859375,99.74749755859375,131031
2009-12-20,99.72750091552734,99.73249816894531,99.71749877929688,99.71749877929688,27171
2009-12-27,99.73750305175781,99.73999786376953,99.72000122070312,99.7300033569336,41283
2010-01-03,99.74749755859375,99.75,99.73500061035156,99.73500061035156,50673
2010-01-10,99.75,99.75,99.74500274658203,99.74749755859375,32334
2010-01-17,99.7300033569336,99.74250030517578,99.72250366210938,99.7300033569336,38789
2010-01-24,99.73750305175781,99.74250030517578,99.7300033569336,99.73249816894531,26650
2010-01-31,99.73999786376953,99.74500274658203,99.72750091552734,99.73500061035156,55970
2010-02-07,99.74749755859375,99.75,99.73750305175781,99.73750305175781,126701
2010-02-14,99.71499633789062,99.72750091552734,99.69750213623047,99.70999908447266,609733
2010-02-21,99.73500061035156,99.73999786376953,99.71499633789062,99.71499633789062,683784
2010-02-28,99.73500061035156,99.74500274658203,99.72750091552734,99.73500061035156,660911
2010-03-07,99.73750305175781,99.74250030517578,99.7300033569336,99.73500061035156,585243
2010-03-14,99.65750122070312,99.74250030517578,99.6449966430664,99.74250030517578,179641
2010-03-21,99.68250274658203,99.69000244140625,99.6500015258789,99.66000366210938,67628
2010-03-28,99.69000244140625,99.69750213623047,99.68000030517578,99.68499755859375,58748
2010-04-04,99.69000244140625,99.69999694824219,99.625,99.69000244140625,52874
2010-04-11,99.69249725341797,99.69499969482422,99.68250274658203,99.6875,61870
2010-04-18,99.62999725341797,99.69499969482422,99.62750244140625,99.69249725341797,62118
2010-04-25,99.58999633789062,99.63500213623047,99.5625,99.62750244140625,100282
2010-05-02,99.4749984741211,99.6050033569336,99.30750274658203,99.5999984741211,89378
2010-05-09,99.53250122070312,99.60250091552734,99.5199966430664,99.5199966430664,92735
2010-05-16,99.33999633789062,99.54499816894531,99.30750274658203,99.54000091552734,1516262
2010-05-23,99.4000015258789,99.44000244140625,99.19499969482422,99.3550033569336,1477586
2010-05-30,99.42500305175781,99.44999694824219,99.37999725341797,99.4000015258789,872615
2010-06-06,99.45999908447266,99.46499633789062,99.4175033569336,99.42749786376953,618442
2010-06-13,99.40249633789062,99.46499633789062,99.3550033569336,99.4625015258789,89622
2010-06-20,99.41999816894531,99.43000030517578,99.37249755859375,99.42500305175781,77936
2010-06-27,99.45500183105469,99.45999908447266,99.41999816894531,99.41999816894531,52759
2010-07-04,99.4800033569336,99.50749969482422,99.4574966430664,99.46499633789062,34829
2010-07-11,99.4800033569336,99.48249816894531,99.47000122070312,99.4749984741211,42943
2010-07-18,99.52249908447266,99.54499816894531,99.47750091552734,99.4800033569336,53404
2010-07-25,99.58999633789062,99.59500122070312,99.51750183105469,99.5199966430664,19111
2010-08-01,99.6050033569336,99.62000274658203,99.58999633789062,99.58999633789062,20169
2010-08-08,99.63249969482422,99.64250183105469,99.6050033569336,99.61499786376953,43742
2010-08-15,99.6675033569336,99.66999816894531,99.62249755859375,99.63500213623047,649992
2010-08-22,99.68000030517578,99.69750213623047,99.6449966430664,99.66999816894531,908899
2010-08-29,99.70249938964844,99.70500183105469,99.68000030517578,99.68250274658203,504007
2010-09-05,99.70500183105469,99.7074966430664,99.69000244140625,99.70500183105469,504910
2010-09-12,99.6675033569336,99.68000030517578,99.65750122070312,99.6675033569336,73903
2010-09-19,99.68499755859375,99.69499969482422,99.6624984741211,99.66999816894531,66887
2010-09-26,99.69249725341797,99.69999694824219,99.68499755859375,99.69249725341797,57584
2010-10-03,99.7074966430664,99.70999908447266,99.69000244140625,99.69000244140625,47102
2010-10-10,99.70999908447266,99.71499633789062,99.7074966430664,99.7074966430664,26986
2010-10-17,99.69249725341797,99.70999908447266,99.67749786376953,99.70999908447266,60442
2010-10-24,99.7074966430664,99.70999908447266,99.69499969482422,99.69499969482422,28040
2010-10-31,99.7074966430664,99.7125015258789,99.69999694824219,99.70500183105469,32009
2010-11-07,99.7125015258789,99.71499633789062,99.70249938964844,99.7074966430664,31806
2010-11-14,99.6875,99.71749877929688,99.66999816894531,99.7125015258789,887708
2010-11-21,99.61750030517578,99.69249725341797,99.59249877929688,99.6875,1242380
2010-11-28,99.67250061035156,99.67749786376953,99.6050033569336,99.625,1470678
2010-12-05,99.69499969482422,99.69750213623047,99.67500305175781,99.67749786376953,655110
2010-12-12,99.6624984741211,99.69840240478516,99.63749694824219,99.69840240478516,89326
2010-12-19,99.67250061035156,99.68000030517578,99.65249633789062,99.6624984741211,20873
2010-12-26,99.69000244140625,99.69000244140625,99.66999816894531,99.66999816894531,16037
2011-01-02,99.69000244140625,99.69249725341797,99.68250274658203,99.6875,44472
2011-01-09,99.69499969482422,99.69750213623047,99.69000244140625,99.69000244140625,46196
2011-01-16,99.68250274658203,99.68499755859375,99.66500091552734,99.66999816894531,35708
2011-01-23,99.68499755859375,99.69000244140625,99.67749786376953,99.68000030517578,43229
2011-01-30,99.68499755859375,99.69000244140625,99.67250061035156,99.68000030517578,33037
2011-02-06,99.68499755859375,99.6875,99.68250274658203,99.68250274658203,33787
2011-02-13,99.6675033569336,99.69000244140625,99.66000366210938,99.6875,876713
2011-02-20,99.68000030517578,99.68499755859375,99.66000366210938,99.6675033569336,576859
2011-02-27,99.6875,99.69000244140625,99.68000030517578,99.68000030517578,643974
2011-03-06,99.6875,99.69249725341797,99.68499755859375,99.69000244140625,447560
2011-03-13,99.67250061035156,99.68000030517578,99.65249633789062,99.68000030517578,62051
2011-03-20,99.67749786376953,99.68250274658203,99.67250061035156,99.67500305175781,18011
2011-03-27,99.70249938964844,99.7074966430664,99.67749786376953,99.67749786376953,45976
2011-04-03,99.7300033569336,99.7300033569336,99.70249938964844,99.7074966430664,41682
2011-04-10,99.7249984741211,99.73249816894531,99.72250366210938,99.72750091552734,34525
2011-04-17,99.71749877929688,99.7300033569336,99.68499755859375,99.7249984741211,24942
2011-04-24,99.72250366210938,99.7300033569336,99.71499633789062,99.71749877929688,16465
2011-05-01,99.73750305175781,99.74500274658203,99.72250366210938,99.7249984741211,17496
2011-05-08,99.74250030517578,99.74250030517578,99.73500061035156,99.73500061035156,16992
2011-05-15,99.72750091552734,99.74250030517578,99.71749877929688,99.74250030517578,838331
2011-05-22,99.7300033569336,99.73999786376953,99.71749877929688,99.7249984741211,694541
2011-05-29,99.73999786376953,99.74250030517578,99.7300033569336,99.7300033569336,475099
2011-06-05,99.75,99.75250244140625,99.73999786376953,99.74250030517578,678427
2011-06-12,99.7125015258789,99.75250244140625,99.66000366210938,99.75,179739
2011-06-19,99.70249938964844,99.73500061035156,99.69249725341797,99.70999908447266,135035
2011-06-26,99.74250030517578,99.74500274658203,99.69499969482422,99.69499969482422,71620
2011-07-03,99.74500274658203,99.74749755859375,99.73750305175781,99.73999786376953,49330
2011-07-10,99.74500274658203,99.75,99.72750091552734,99.74500274658203,84221
2011-07-17,99.71749877929688,99.75,99.66999816894531,99.75,52601
2011-07-24,99.70500183105469,99.72000122070312,99.69499969482422,99.70500183105469,79559
2011-07-31,99.7125015258789,99.72750091552734,99.67500305175781,99.70999908447266,75813
2011-08-07,99.70249938964844,99.7125015258789,99.65499877929688,99.69999694824219,71204
2011-08-14,99.59249877929688,99.70500183105469,99.56999969482422,99.70249938964844,1059287
2011-08-21,99.62750244140625,99.63999938964844,99.56999969482422,99.58999633789062,1131426
2011-08-28,99.62000274658203,99.64250183105469,99.60749816894531,99.62999725341797,723149
2011-09-04,99.62249755859375,99.64749908447266,99.6050033569336,99.61750030517578,822821
2011-09-11,99.64749908447266,99.65750122070312,99.61000061035156,99.625,786423
2011-09-18,99.58999633789062,99.6500015258789,99.56749725341797,99.64749908447266,114364
2011-09-25,99.58999633789062,99.60749816894531,99.5824966430664,99.5875015258789,53393
2011-10-02,99.5824966430664,99.59750366210938,99.56749725341797,99.58499908447266,50134
2011-10-09,99.58999633789062,99.59249877929688,99.5824966430664,99.5824966430664,20133
2011-10-16,99.52749633789062,99.59249877929688,99.52249908447266,99.59249877929688,39443
2011-10-23,99.54750061035156,99.55000305175781,99.51000213623047,99.52749633789062,33372
2011-10-30,99.5425033569336,99.55750274658203,99.53500366210938,99.54000091552734,33478
2011-11-06,99.53500366210938,99.54499816894531,99.52999877929688,99.5425033569336,27644
2011-11-13,99.33999633789062,99.54000091552734,99.30000305175781,99.54000091552734,1457005
2011-11-20,99.36750030517578,99.38249969482422,99.31999969482422,99.33999633789062,740101
2011-11-27,99.45500183105469,99.55500030517578,99.36750030517578,99.37249755859375,1312405
2011-12-04,99.44750213623047,99.46499633789062,99.43000030517578,99.4574966430664,679447
2011-12-11,99.43000030517578,99.44999694824219,99.41999816894531,99.44499969482422,684375
2011-12-18,99.375,99.43499755859375,99.36000061035156,99.43000030517578,47963
2011-12-25,99.41000366210938,99.41500091552734,99.37999725341797,99.37999725341797,32472
2012-01-01,99.42749786376953,99.43250274658203,99.40750122070312,99.41000366210938,54806
2012-01-08,99.4375,99.44750213623047,99.42749786376953,99.43000030517578,54678
2012-01-15,99.4749984741211,99.50499725341797,99.4625015258789,99.50499725341797,65887
2012-01-22,99.4800033569336,99.49250030517578,99.4625015258789,99.4749984741211,60341
2012-01-29,99.50499725341797,99.51750183105469,99.4749984741211,99.47750091552734,40392
2012-02-05,99.49749755859375,99.51000213623047,99.49500274658203,99.50499725341797,23822
2012-02-12,99.52999877929688,99.5625,99.49500274658203,99.49749755859375,926267
2012-02-19,99.51499938964844,99.5374984741211,99.51249694824219,99.52999877929688,448736
2012-02-26,99.55500030517578,99.55999755859375,99.51249694824219,99.51499938964844,728462
2012-03-04,99.53250122070312,99.55750274658203,99.52749633789062,99.55750274658203,502797
2012-03-11,99.5250015258789,99.53500366210938,99.5199966430664,99.53250122070312,569486
2012-03-18,99.53250122070312,99.54000091552734,99.51499938964844,99.5250015258789,50140
2012-03-25,99.54499816894531,99.55500030517578,99.52999877929688,99.53250122070312,31685
2012-04-01,99.52749633789062,99.5425033569336,99.5199966430664,99.5425033569336,24855
2012-04-08,99.53250122070312,99.5374984741211,99.5250015258789,99.52999877929688,22890
2012-04-15,99.52999877929688,99.5374984741211,99.5250015258789,99.5343017578125,27364
2012-04-22,99.53500366210938,99.5374984741211,99.5250015258789,99.52749633789062,8306
2012-04-29,99.53500366210938,99.5374984741211,99.53250122070312,99.53250122070312,10463
2012-05-06,99.52999877929688,99.5374984741211,99.52749633789062,99.53500366210938,16566
2012-05-13,99.5,99.53410339355469,99.48249816894531,99.53250122070312,1051278
2012-05-20,99.51249694824219,99.5199966430664,99.5,99.5,578322
2012-05-27,99.5199966430664,99.52749633789062,99.51000213623047,99.51249694824219,675766
2012-06-03,99.5250015258789,99.52999877929688,99.51750183105469,99.51750183105469,414645
2012-06-10,99.53250122070312,99.53500366210938,99.5250015258789,99.52999877929688,558262
2012-06-17,99.55500030517578,99.56500244140625,99.52749633789062,99.53250122070312,79853
2012-06-24,99.5425033569336,99.56999969482422,99.5374984741211,99.55750274658203,56876
2012-07-01,99.54750061035156,99.55000305175781,99.5374984741211,99.54000091552734,15037
2012-07-08,99.54750061035156,99.55500030517578,99.54499816894531,99.55249786376953,23632
2012-07-15,99.58000183105469,99.59249877929688,99.5448989868164,99.54499816894531,39275
2012-07-22,99.58000183105469,99.58499908447266,99.57250213623047,99.57499694824219,18564
2012-07-29,99.56999969482422,99.59249877929688,99.56500244140625,99.5824966430664,37173
2012-08-05,99.56500244140625,99.56999969482422,99.5625,99.56999969482422,10872
2012-08-12,99.58499908447266,99.59750366210938,99.56500244140625,99.56500244140625,505077
2012-08-19,99.59750366210938,99.5999984741211,99.57749938964844,99.5875015258789,495127
2012-08-26,99.61000061035156,99.61750030517578,99.59500122070312,99.59750366210938,508938
2012-09-02,99.60749816894531,99.61750030517578,99.5999984741211,99.61250305175781,452598
2012-09-09,99.62000274658203,99.63249969482422,99.60749816894531,99.60749816894531,763770
2012-09-16,99.6624984741211,99.66999816894531,99.61750030517578,99.62000274658203,63946
2012-09-23,99.6624984741211,99.6675033569336,99.63999938964844,99.6624984741211,46670
2012-09-30,99.65750122070312,99.66999816894531,99.65750122070312,99.6675033569336,11415
2012-10-07,99.66999816894531,99.67250061035156,99.65499877929688,99.65750122070312,19451
2012-10-14,99.70249938964844,99.7125015258789,99.66960144042969,99.66999816894531,47441
2012-10-21,99.69499969482422,99.70500183105469,99.69000244140625,99.69999694824219,16178
2012-10-28,99.6875,99.70500183105469,99.68499755859375,99.69999694824219,4520
2012-11-04,99.69000244140625,99.7074966430664,99.68499755859375,99.6875,14044
2012-11-11,99.6875,99.69249725341797,99.68499755859375,99.69000244140625,22023
2012-11-18,99.67749786376953,99.69000244140625,99.67250061035156,99.69000244140625,338307
2012-11-25,99.68499755859375,99.6875,99.67500305175781,99.67749786376953,407070
2012-12-02,99.69000244140625,99.69249725341797,99.68499755859375,99.68499755859375,386195
2012-12-09,99.69249725341797,99.69499969482422,99.6875,99.69000244140625,559426
2012-12-16,99.6875,99.69999694824219,99.68499755859375,99.69499969482422,45047
2012-12-23,99.69249725341797,99.69499969482422,99.68000030517578,99.6875,17434
2012-12-30,99.69999694824219,99.70500183105469,99.69000244140625,99.69249725341797,31760
2013-01-06,99.69750213623047,99.69999694824219,99.69499969482422,99.69750213623047,54569
2013-01-13,99.69750213623047,99.70500183105469,99.69000244140625,99.69750213623047,41572
2013-01-20,99.69999694824219,99.70500183105469,99.69499969482422,99.69499969482422,39328
2013-01-27,99.70500183105469,99.7074966430664,99.69249725341797,99.69750213623047,41965
2013-02-03,99.7074966430664,99.70999908447266,99.70249938964844,99.70500183105469,13274
2013-02-10,99.70999908447266,99.7125015258789,99.70500183105469,99.7074966430664,121791
2013-02-17,99.7074966430664,99.70999908447266,99.69999694824219,99.70249938964844,450136
2013-02-24,99.7125015258789,99.71499633789062,99.70249938964844,99.7074966430664,644409
2013-03-03,99.72000122070312,99.7249984741211,99.7125015258789,99.7125015258789,376465
2013-03-10,99.72000122070312,99.72250366210938,99.71749877929688,99.72000122070312,370563
2013-03-17,99.69249725341797,99.72000122070312,99.68499755859375,99.71749877929688,116459
2013-03-24,99.70999908447266,99.71499633789062,99.68499755859375,99.68499755859375,65631
2013-03-31,99.72000122070312,99.72250366210938,99.70999908447266,99.7125015258789,43792
2013-04-07,99.72250366210938,99.7249984741211,99.71749877929688,99.72000122070312,17543
2013-04-14,99.72000122070312,99.72250366210938,99.71499633789062,99.72250366210938,29521
2013-04-21,99.7249984741211,99.72750091552734,99.71749877929688,99.71749877929688,18302
2013-04-28,99.72750091552734,99.73249816894531,99.7249984741211,99.7249984741211,22408
2013-05-05,99.7249984741211,99.72750091552734,99.72250366210938,99.7249984741211,11843
2013-05-12,99.72250366210938,99.7249984741211,99.72000122070312,99.7249984741211,479846
2013-05-19,99.72750091552734,99.7300033569336,99.72000122070312,99.72000122070312,551040
2013-05-26,99.72000122070312,99.7300033569336,99.7125015258789,99.7300033569336,791384
2013-06-02,99.7249984741211,99.72750091552734,99.71749877929688,99.72000122070312,427310
2013-06-09,99.7249984741211,99.7300033569336,99.72000122070312,99.7249984741211,605291
2013-06-16,99.70999908447266,99.72750091552734,99.70500183105469,99.7249984741211,80915
2013-06-23,99.72250366210938,99.7249984741211,99.68250274658203,99.7074966430664,50269
2013-06-30,99.72750091552734,99.7300033569336,99.72000122070312,99.72250366210938,18133
2013-07-07,99.73249816894531,99.73500061035156,99.7249984741211,99.72750091552734,19220
2013-07-14,99.72750091552734,99.7323989868164,99.72000122070312,99.7323989868164,36112
2013-07-21,99.7300033569336,99.73249816894531,99.72250366210938,99.7300033569336,11391
2013-07-28,99.73249816894531,99.73249816894531,99.72750091552734,99.7300033569336,11815
2013-08-04,99.73249816894531,99.73500061035156,99.7300033569336,99.73249816894531,4819
2013-08-11,99.73500061035156,99.73750305175781,99.73249816894531,99.73249816894531,7122
2013-08-18,99.7300033569336,99.73690032958984,99.72750091552734,99.73500061035156,349095
2013-08-25,99.73500061035156,99.73750305175781,99.7249984741211,99.73249816894531,391915
2013-09-01,99.73999786376953,99.74250030517578,99.73249816894531,99.73750305175781,375112
2013-09-08,99.74500274658203,99.74749755859375,99.73999786376953,99.73999786376953,396935
2013-09-15,99.74749755859375,99.75250244140625,99.74250030517578,99.74500274658203,92791
2013-09-22,99.74500274658203,99.75,99.74250030517578,99.74500274658203,26468
2013-09-29,99.75250244140625,99.75499725341797,99.74250030517578,99.74500274658203,32533
2013-10-06,99.75250244140625,99.75749969482422,99.74500274658203,99.75,56804
2013-10-13,99.75250244140625,99.75499725341797,99.72250366210938,99.75499725341797,69367
2013-10-20,99.76249694824219,99.76499938964844,99.75250244140625,99.75250244140625,28849
2013-10-27,99.75749969482422,99.76499938964844,99.75499725341797,99.76249694824219,26990
2013-11-03,99.75749969482422,99.76249694824219,99.75749969482422,99.76000213623047,8203
2013-11-10,99.76000213623047,99.76249694824219,99.75749969482422,99.76000213623047,12796
2013-11-17,99.76249694824219,99.76750183105469,99.75749969482422,99.76260375976562,430781
2013-11-24,99.76249694824219,99.76499938964844,99.75749969482422,99.76499938964844,250045
2013-12-01,99.76000213623047,99.76249694824219,99.75749969482422,99.76000213623047,383654
2013-12-08,99.75749969482422,99.76000213623047,99.75250244140625,99.75749969482422,350841
2013-12-15,99.74500274658203,99.76499938964844,99.74250030517578,99.75499725341797,69267
2013-12-22,99.74749755859375,99.75,99.74250030517578,99.74250030517578,9696
2013-12-29,99.75499725341797,99.76000213623047,99.74500274658203,99.74749755859375,24909
2014-01-05,99.75749969482422,99.76000213623047,99.75499725341797,99.76000213623047,40041
2014-01-12,99.75499725341797,99.76110076904297,99.75250244140625,99.76000213623047,24754
2014-01-19,99.75250244140625,99.76000213623047,99.74500274658203,99.75499725341797,37177
2014-01-26,99.75749969482422,99.76000213623047,99.74749755859375,99.75,32536
2014-02-02,99.76499938964844,99.76750183105469,99.75749969482422,99.76000213623047,17046
2014-02-09,99.76499938964844,99.76750183105469,99.76249694824219,99.76750183105469,60944
2014-02-16,99.76499938964844,99.76750183105469,99.76249694824219,99.76499938964844,292265
2014-02-23,99.76499938964844,99.76750183105469,99.76249694824219,99.76249694824219,368016
2014-03-02,99.76499938964844,99.76499938964844,99.76249694824219,99.76499938964844,307686
2014-03-09,99.76499938964844,99.76750183105469,99.76249694824219,99.76249694824219,484025
2014-03-16,99.75749969482422,99.7655029296875,99.75250244140625,99.76499938964844,59989
2014-03-23,99.76249694824219,99.76499938964844,99.75499725341797,99.75749969482422,26811
2014-03-30,99.7699966430664,99.77249908447266,99.76249694824219,99.76499938964844,25753
2014-04-06,99.77249908447266,99.7750015258789,99.7699966430664,99.7699966430664,23021
2014-04-13,99.77249908447266,99.7750015258789,99.7699966430664,99.7750015258789,17045
2014-04-20,99.77249908447266,99.7750015258789,99.7699966430664,99.77249908447266,14140
2014-04-27,99.77749633789062,99.77999877929688,99.7699966430664,99.7699966430664,24972
2014-05-04,99.77749633789062,99.77999877929688,99.7750015258789,99.77749633789062,13993
2014-05-11,99.7750015258789,99.77999877929688,99.77249908447266,99.77749633789062,18102
2014-05-18,99.7750015258789,99.77749633789062,99.7699966430664,99.7750015258789,374410
2014-05-25,99.77249908447266,99.7750015258789,99.7699966430664,99.7750015258789,335402
2014-06-01,99.77249908447266,99.7750015258789,99.7699966430664,99.77249908447266,339338
2014-06-08,99.7699966430664,99.7750015258789,99.76750183105469,99.77249908447266,513459
2014-06-15,99.76750183105469,99.7699966430664,99.76499938964844,99.76750183105469,42612
2014-06-22,99.76750183105469,99.77249908447266,99.76499938964844,99.76750183105469,17443
2014-06-29,99.76750183105469,99.7699966430664,99.76499938964844,99.76499938964844,15510
2014-07-06,99.76750183105469,99.76750183105469,99.76499938964844,99.76750183105469,7827
2014-07-13,99.76499938964844,99.7699966430664,99.76499938964844,99.76499938964844,22562
2014-07-20,99.76499938964844,99.76750183105469,99.76249694824219,99.76499938964844,19396
2014-07-27,99.76000213623047,99.76499938964844,99.75749969482422,99.76249694824219,22311
2014-08-03,99.76499938964844,99.76750183105469,99.76000213623047,99.76249694824219,12061
2014-08-10,99.76750183105469,99.7699966430664,99.76499938964844,99.76499938964844,8577
2014-08-17,99.76249694824219,99.7699966430664,99.76000213623047,99.7699966430664,386018
2014-08-24,99.76499938964844,99.76499938964844,99.76000213623047,99.76000213623047,346096
2014-08-31,99.76750183105469,99.7699966430664,99.76249694824219,99.76499938964844,376016
2014-09-07,99.76499938964844,99.7699966430664,99.76249694824219,99.7699966430664,499700
2014-09-14,99.76499938964844,99.7654037475586,99.75749969482422,99.76499938964844,51888
2014-09-21,99.76750183105469,99.76750183105469,99.76249694824219,99.76499938964844,19896
2014-09-28,99.76750183105469,99.7699966430664,99.76499938964844,99.7699966430664,19956
2014-10-05,99.7699966430664,99.7750015258789,99.76750183105469,99.76750183105469,17292
2014-10-12,99.76499938964844,99.7750015258789,99.75749969482422,99.77249908447266,32144
2014-10-19,99.76499938964844,99.76750183105469,99.76249694824219,99.76499938964844,7932
2014-10-26,99.76499938964844,99.76750183105469,99.76499938964844,99.76499938964844,18450
2014-11-02,99.76750183105469,99.76750183105469,99.76499938964844,99.76499938964844,3340
2014-11-09,99.76750183105469,99.76750183105469,99.76499938964844,99.76499938964844,1842
2014-11-16,99.76249694824219,99.76820373535156,99.76000213623047,99.76750183105469,395452
2014-11-23,99.76249694824219,99.76499938964844,99.76000213623047,99.76249694824219,272827
2014-11-30,99.76249694824219,99.76499938964844,99.76000213623047,99.76249694824219,567880
2014-12-07,99.75749969482422,99.76499938964844,99.75499725341797,99.76249694824219,565482
2014-12-14,99.74500274658203,99.75749969482422,99.74250030517578,99.75749969482422,76092
2014-12-21,99.74500274658203,99.75,99.73500061035156,99.74250030517578,30295
2014-12-28,99.74749755859375,99.75,99.74500274658203,99.74500274658203,11353
2015-01-04,99.74749755859375,99.75250244140625,99.74500274658203,99.74500274658203,42207
2015-01-11,99.74500274658203,99.75,99.74250030517578,99.75,36813
2015-01-18,99.74250030517578,99.74250030517578,99.73500061035156,99.73999786376953,23215
2015-01-25,99.74250030517578,99.74500274658203,99.73500061035156,99.74250030517578,20425
2015-02-01,99.73999786376953,99.74250030517578,99.73500061035156,99.73500061035156,36462
2015-02-08,99.73999786376953,99.73999786376953,99.73500061035156,99.73750305175781,115988
2015-02-15,99.72000122070312,99.72750091552734,99.71499633789062,99.72250366210938,715771
2015-02-22,99.73500061035156,99.73750305175781,99.71749877929688,99.71749877929688,662925
2015-03-01,99.73500061035156,99.73750305175781,99.7300033569336,99.73249816894531,723029
2015-03-08,99.7300033569336,99.73500061035156,99.72750091552734,99.73500061035156,543473
2015-03-15,99.7249984741211,99.73249816894531,99.7074966430664,99.7300033569336,143684
2015-03-22,99.72250366210938,99.7300033569336,99.72000122070312,99.72750091552734,54634
2015-03-29,99.72750091552734,99.7300033569336,99.72250366210938,99.7249984741211,24692
2015-04-05,99.7249984741211,99.72750091552734,99.72250366210938,99.72750091552734,21925
2015-04-12,99.71499633789062,99.7249984741211,99.70500183105469,99.7249984741211,41221
2015-04-19,99.7125015258789,99.71499633789062,99.70999908447266,99.71499633789062,13903
2015-04-26,99.70999908447266,99.7125015258789,99.70999908447266,99.7125015258789,35433
2015-05-03,99.71749877929688,99.72250366210938,99.7074966430664,99.70999908447266,51495
2015-05-10,99.72250366210938,99.7249984741211,99.71749877929688,99.71749877929688,18493
2015-05-17,99.70500183105469,99.7239990234375,99.70249938964844,99.72250366210938,704598
2015-05-24,99.7074966430664,99.70999908447266,99.69999694824219,99.70249938964844,445216
2015-05-31,99.70999908447266,99.71499633789062,99.70500183105469,99.70999908447266,641702
2015-06-07,99.7125015258789,99.71499633789062,99.7074966430664,99.70999908447266,646991
2015-06-14,99.70249938964844,99.716796875,99.66999816894531,99.70999908447266,122489
2015-06-21,99.70500183105469,99.7074966430664,99.70249938964844,99.70249938964844,40550
2015-06-28,99.7125015258789,99.71499633789062,99.69249725341797,99.70500183105469,58920
2015-07-05,99.7125015258789,99.71749877929688,99.70249938964844,99.7125015258789,35340
2015-07-12,99.68000030517578,99.71499633789062,99.68000030517578,99.7125015258789,62559
2015-07-19,99.67749786376953,99.68000030517578,99.67250061035156,99.68000030517578,28176
2015-07-26,99.67749786376953,99.6875,99.66000366210938,99.68000030517578,78268
2015-08-02,99.6624984741211,99.68499755859375,99.66000366210938,99.67749786376953,39542
2015-08-09,99.66999816894531,99.6875,99.66500091552734,99.66500091552734,42069
2015-08-16,99.65499877929688,99.67500305175781,99.61499786376953,99.67250061035156,1013951
2015-08-23,99.63749694824219,99.68000030517578,99.63500213623047,99.65750122070312,1218450
2015-08-30,99.6500015258789,99.66500091552734,99.62750244140625,99.63749694824219,852901
2015-09-06,99.6624984741211,99.66500091552734,99.64749908447266,99.6500015258789,640124
2015-09-13,99.67250061035156,99.67749786376953,99.58000183105469,99.6624984741211,430892
2015-09-20,99.6624984741211,99.68000030517578,99.65249633789062,99.68000030517578,128958
2015-09-27,99.68000030517578,99.68499755859375,99.6624984741211,99.6624984741211,73028
2015-10-04,99.67749786376953,99.68000030517578,99.67250061035156,99.68000030517578,51182
2015-10-11,99.68000030517578,99.6875,99.67500305175781,99.67749786376953,46667
2015-10-18,99.65750122070312,99.68329620361328,99.65499877929688,99.68000030517578,60482
2015-10-25,99.64749908447266,99.6624984741211,99.6449966430664,99.65499877929688,67023
2015-11-01,99.63249969482422,99.65249633789062,99.625,99.64749908447266,50687
2015-11-08,99.63500213623047,99.63500213623047,99.625,99.62750244140625,33518
2015-11-15,99.55000305175781,99.63999938964844,99.55000305175781,99.63749694824219,780781
2015-11-22,99.52749633789062,99.55249786376953,99.52249908447266,99.55000305175781,770001
2015-11-29,99.5,99.54000091552734,99.49749755859375,99.52749633789062,1191268
2015-12-06,99.4800033569336,99.5,99.47000122070312,99.49749755859375,1342344
2015-12-13,99.37999725341797,99.48249816894531,99.37750244140625,99.48249816894531,315784
2015-12-20,99.38249969482422,99.38500213623047,99.37000274658203,99.37999725341797,59527
2015-12-27,99.37750244140625,99.38249969482422,99.36750030517578,99.37999725341797,33426
2016-01-03,99.375,99.39250183105469,99.37249755859375,99.37750244140625,141575
2016-01-10,99.37999725341797,99.38500213623047,99.37249755859375,99.37750244140625,75621
2016-01-17,99.37000274658203,99.37999725341797,99.36000061035156,99.375,89424
2016-01-24,99.3949966430664,99.41000366210938,99.36250305175781,99.37249755859375,71380
2016-01-31,99.375,99.39749908447266,99.375,99.3949966430664,47982
2016-02-07,99.37999725341797,99.38749694824219,99.36000061035156,99.375,242676
2016-02-14,99.35749816894531,99.36750030517578,99.3499984741211,99.36250305175781,693695
2016-02-21,99.32749938964844,99.36000061035156,99.32499694824219,99.35250091552734,753414
2016-02-28,99.34500122070312,99.35250091552734,99.33000183105469,99.33000183105469,901581
2016-03-06,99.36250305175781,99.36499786376953,99.34500122070312,99.34750366210938,768763
2016-03-13,99.3550033569336,99.36750030517578,99.2925033569336,99.36499786376953,209108
2016-03-20,99.34750366210938,99.35749816894531,99.33999633789062,99.3550033569336,60116
2016-03-27,99.36499786376953,99.37000274658203,99.34500122070312,99.34750366210938,49639
2016-04-03,99.36750030517578,99.375,99.36499786376953,99.36499786376953,50537
2016-04-10,99.36750030517578,99.37249755859375,99.36499786376953,99.37000274658203,29926
2016-04-17,99.3324966430664,99.37000274658203,99.33000183105469,99.36750030517578,46152
2016-04-24,99.3550033569336,99.35749816894531,99.32749938964844,99.3324966430664,74991
2016-05-01,99.36000061035156,99.375,99.35250091552734,99.3550033569336,35799
2016-05-08,99.37000274658203,99.37249755859375,99.36499786376953,99.36499786376953,27182
2016-05-15,99.27249908447266,99.3739013671875,99.26000213623047,99.3739013671875,1600896
2016-05-22,99.27749633789062,99.29000091552734,99.24749755859375,99.27249908447266,1258194
2016-05-29,99.33499908447266,99.33999633789062,99.25749969482422,99.26000213623047,1104263
2016-06-05,99.34249877929688,99.3499984741211,99.32749938964844,99.33499908447266,716399
2016-06-12,99.3324966430664,99.34750366210938,99.30500030517578,99.34500122070312,188342
2016-06-19,99.37999725341797,99.38999938964844,99.31999969482422,99.32250213623047,122269
2016-06-26,99.36000061035156,99.3949966430664,99.34750366210938,99.3949966430664,143806
2016-07-03,99.3324966430664,99.36000061035156,99.31500244140625,99.36000061035156,108213
2016-07-10,99.30500030517578,99.3324966430664,99.30249786376953,99.33000183105469,105889
2016-07-17,99.2300033569336,99.30750274658203,99.21749877929688,99.30500030517578,145648
2016-07-24,99.2249984741211,99.23249816894531,99.19499969482422,99.22750091552734,131658
2016-07-31,99.17749786376953,99.23249816894531,99.17500305175781,99.22750091552734,94074
2016-08-07,99.18250274658203,99.18499755859375,99.15750122070312,99.17749786376953,82860
2016-08-14,99.13249969482422,99.1958999633789,99.12750244140625,99.18250274658203,1311635
2016-08-21,99.09500122070312,99.1449966430664,99.09249877929688,99.13500213623047,1064806
2016-08-28,99.13749694824219,99.16999816894531,99.09249877929688,99.09500122070312,1349781
2016-09-04,99.11750030517578,99.15750122070312,99.10749816894531,99.13500213623047,1235237
2016-09-11,99.13749694824219,99.14749908447266,99.11750030517578,99.12000274658203,1249915
2016-09-18,99.12999725341797,99.14250183105469,99.0875015258789,99.13999938964844,368994
2016-09-25,99.13749694824219,99.15499877929688,99.12000274658203,99.12999725341797,243262
2016-10-02,99.12000274658203,99.13749694824219,99.11250305175781,99.13749694824219,119757
2016-10-09,99.11750030517578,99.12750244140625,99.11499786376953,99.12249755859375,140239
2016-10-16,99.0999984741211,99.125,99.09249877929688,99.12000274658203,212861
2016-10-23,99.09750366210938,99.10250091552734,99.08000183105469,99.09750366210938,140804
2016-10-30,99.11250305175781,99.12999725341797,99.09500122070312,99.09750366210938,137609
2016-11-06,99.0875015258789,99.16500091552734,99.08499908447266,99.11250305175781,176929
2016-11-13,99.0250015258789,99.09249877929688,99.01750183105469,99.08999633789062,1915917
2016-11-20,99.00250244140625,99.02999877929688,98.99500274658203,99.02249908447266,1103635
2016-11-27,99.01249694824219,99.0199966430664,99.00250244140625,99.00499725341797,1400999
2016-12-04,99.01000213623047,99.01750183105469,99.00499725341797,99.01499938964844,1030503
2016-12-11,98.99749755859375,99.01750183105469,98.98500061035156,99.01000213623047,1560813
2016-12-18,98.99250030517578,99.00569915771484,98.98750305175781,98.99749755859375,104801
2016-12-25,99.0,99.00499725341797,98.99250030517578,98.99500274658203,47841
2017-01-01,98.9800033569336,99.00250244140625,98.9800033569336,99.0,74318
2017-01-08,98.97250366210938,98.98249816894531,98.97250366210938,98.98249816894531,76859
2017-01-15,98.93499755859375,98.96499633789062,98.92749786376953,98.9625015258789,118965
2017-01-22,98.94750213623047,98.95500183105469,98.93499755859375,98.9375,95721
2017-01-29,98.96499633789062,98.9749984741211,98.94249725341797,98.94499969482422,68880
2017-02-05,98.95999908447266,98.96749877929688,98.9574966430664,98.9625015258789,56348
2017-02-12,98.90750122070312,98.9625015258789,98.87999725341797,98.95999908447266,1386375
2017-02-19,98.90750122070312,98.9175033569336,98.88749694824219,98.91000366210938,1083689
2017-02-26,98.8499984741211,98.90750122070312,98.82749938964844,98.90750122070312,2117073
2017-03-05,98.87000274658203,98.875,98.84249877929688,98.8499984741211,1216791
2017-03-12,98.80249786376953,98.875,98.76750183105469,98.87249755859375,268641
2017-03-19,98.83000183105469,98.8324966430664,98.80000305175781,98.80500030517578,113281
2017-03-26,98.8324966430664,98.83999633789062,98.81999969482422,98.83000183105469,111458
2017-04-02,98.83000183105469,98.83999633789062,98.82749938964844,98.83499908447266,78934
2017-04-09,98.84159851074219,98.84500122070312,98.83000183105469,98.83000183105469,84282
2017-04-16,98.80500030517578,98.8125,98.79499816894531,98.79750061035156,78173
2017-04-23,98.79750061035156,98.80249786376953,98.77999877929688,98.80000305175781,73884
2017-04-30,98.79499816894531,98.81500244140625,98.79000091552734,98.79750061035156,79252
2017-05-07,98.82250213623047,98.82250213623047,98.79499816894531,98.79750061035156,121610
2017-05-14,98.75,98.82250213623047,98.74500274658203,98.82250213623047,1873164
2017-05-21,98.74500274658203,98.75499725341797,98.73750305175781,98.74749755859375,1219253
2017-05-28,98.73500061035156,98.75749969482422,98.73249816894531,98.74749755859375,981777
2017-06-04,98.7300033569336,98.75250244140625,98.72250366210938,98.73500061035156,1016667
2017-06-11,98.72250366210938,98.75,98.72000122070312,98.7300033569336,1658799
2017-06-18,98.69249725341797,98.78980255126953,98.68499755859375,98.72250366210938,176931
2017-06-25,98.69499969482422,98.69999694824219,98.6875,98.69000244140625,63784
2017-07-02,98.69249725341797,98.69750213623047,98.69000244140625,98.69499969482422,67968
2017-07-09,98.69750213623047,98.70249938964844,98.69499969482422,98.69499969482422,60089
2017-07-16,98.6675033569336,98.69999694824219,98.6675033569336,98.69999694824219,63898
2017-07-23,98.68250274658203,98.68250274658203,98.66000366210938,98.66999816894531,50570
2017-07-30,98.68499755859375,98.6875,98.67749786376953,98.68250274658203,25996
2017-08-06,98.68250274658203,98.69000244140625,98.68250274658203,98.68499755859375,42278
2017-08-13,98.67250061035156,98.68579864501953,98.66000366210938,98.68499755859375,727372
2017-08-20,98.66999816894531,98.67749786376953,98.66500091552734,98.66999816894531,572310
2017-08-27,98.67749786376953,98.68000030517578,98.6675033569336,98.6675033569336,617134
2017-09-03,98.69750213623047,98.70249938964844,98.67500305175781,98.68000030517578,929685
2017-09-10,98.67250061035156,98.69750213623047,98.66999816894531,98.69750213623047,1057784
2017-09-17,98.63500213623047,98.67500305175781,98.62000274658203,98.67250061035156,165435
2017-09-24,98.6500015258789,98.65499877929688,98.63500213623047,98.63500213623047,79249
2017-10-01,98.63749694824219,98.65249633789062,98.63249969482422,98.6500015258789,84859
2017-10-08,98.6449966430664,98.64749908447266,98.62999725341797,98.63749694824219,67574
2017-10-15,98.58499908447266,98.64610290527344,98.57499694824219,98.6449966430664,89677
2017-10-22,98.5824966430664,98.58999633789062,98.58000183105469,98.5824966430664,49549
2017-10-29,98.58499908447266,98.59249877929688,98.5824966430664,98.58499908447266,40110
2017-11-05,98.5824966430664,98.58499908447266,98.57749938964844,98.58499908447266,43068
2017-11-12,98.4574966430664,98.58499908447266,98.45500183105469,98.5824966430664,1384336
2017-11-19,98.44999694824219,98.4625015258789,98.44499969482422,98.4574966430664,803278
2017-11-26,98.44999694824219,98.4574966430664,98.44499969482422,98.44999694824219,1272403
2017-12-03,98.40249633789062,98.45249938964844,98.3949966430664,98.45249938964844,1414055
2017-12-10,98.375,98.4124984741211,98.37249755859375,98.40499877929688,1354850
2017-12-17,98.32250213623047,98.375,98.30750274658203,98.375,276539
2017-12-24,98.3375015258789,98.34750366210938,98.31999969482422,98.32250213623047,182738
2017-12-31,98.30249786376953,98.33999633789062,98.30000305175781,98.33499908447266,257403
2018-01-07,98.27749633789062,98.30500030517578,98.2750015258789,98.30249786376953,193207
2018-01-14,98.21499633789062,98.27999877929688,98.19499969482422,98.27749633789062,249672
2018-01-21,98.19499969482422,98.2300033569336,98.1875,98.2125015258789,175307
2018-01-28,98.17250061035156,98.19750213623047,98.17250061035156,98.19499969482422,200092
2018-02-04,98.13249969482422,98.2074966430664,98.12750244140625,98.17749786376953,183874
2018-02-11,98.1050033569336,98.13749694824219,98.1050033569336,98.13249969482422,410565
2018-02-18,97.91999816894531,97.96749877929688,97.8949966430664,97.95500183105469,1355906
2018-02-25,97.94000244140625,97.95999908447266,97.86000061035156,97.9124984741211,2304958
2018-03-04,97.85250091552734,97.94499969482422,97.8499984741211,97.93499755859375,1404088
2018-03-11,97.7750015258789,97.85250091552734,97.7750015258789,97.8499984741211,1685947
2018-03-18,97.71499633789062,97.78250122070312,97.67250061035156,97.77999877929688,691404
2018-03-25,97.70999908447266,97.74749755859375,97.7074966430664,97.72000122070312,458275
2018-04-01,97.66999816894531,97.71499633789062,97.6624984741211,97.7074966430664,315700
2018-04-08,97.6449966430664,97.68499755859375,97.6449966430664,97.66999816894531,278047
2018-04-15,97.6500015258789,97.6624984741211,97.63749694824219,97.6449966430664,496718
2018-04-22,97.6624984741211,97.67250061035156,97.625,97.65249633789062,352606
2018-04-29,97.62999725341797,97.66999816894531,97.62750244140625,97.66500091552734,330055
2018-05-06,97.6624984741211,97.66500091552734,97.62249755859375,97.62999725341797,246272
2018-05-13,97.69000244140625,97.7300033569336,97.6624984741211,97.6624984741211,1953790
2018-05-20,97.69750213623047,97.7125015258789,97.6675033569336,97.69249725341797,1228864
2018-05-27,97.66999816894531,97.71499633789062,97.65499877929688,97.69750213623047,1484696
2018-06-03,97.6624984741211,97.67500305175781,97.6500015258789,97.6675033569336,1156892
2018-06-10,97.67250061035156,97.67749786376953,97.62249755859375,97.66000366210938,1193348
2018-06-17,97.63999938964844,97.67749786376953,97.63249969482422,97.67500305175781,222937
2018-06-24,97.65499877929688,97.6624984741211,97.63749694824219,97.63749694824219,155298
2018-07-01,97.66000366210938,97.6624984741211,97.64749908447266,97.65750122070312,67186
2018-07-08,97.66500091552734,97.6675033569336,97.65750122070312,97.66000366210938,93900
2018-07-15,97.625,97.66739654541016,97.5999984741211,97.66500091552734,227838
2018-07-22,97.6449966430664,97.6500015258789,97.62000274658203,97.62249755859375,131958
2018-07-29,97.6500015258789,97.6500015258789,97.63249969482422,97.6500015258789,133843
2018-08-05,97.68000030517578,97.68000030517578,97.64749908447266,97.65249633789062,171073
2018-08-12,97.63749694824219,97.68620300292969,97.62000274658203,97.68000030517578,1538407
2018-08-19,97.64749908447266,97.66000366210938,97.63500213623047,97.63500213623047,1104901
2018-08-26,97.6449966430664,97.65249633789062,97.63749694824219,97.6449966430664,764726
2018-09-02,97.64250183105469,97.65750122070312,97.63999938964844,97.65499877929688,950252
2018-09-09,97.65750122070312,97.66000366210938,97.63999938964844,97.64250183105469,1266387
2018-09-16,97.5425033569336,97.6624984741211,97.53250122070312,97.65750122070312,425116
2018-09-23,97.55500030517578,97.55750274658203,97.52749633789062,97.5425033569336,365547
2018-09-30,97.56999969482422,97.58000183105469,97.54499816894531,97.55249786376953,248200
2018-10-07,97.55750274658203,97.56999969482422,97.54750061035156,97.56999969482422,221805
2018-10-14,97.35250091552734,97.55999755859375,97.33999633789062,97.55750274658203,511686
2018-10-21,97.37000274658203,97.38999938964844,97.34500122070312,97.35250091552734,283188
2018-10-28,97.30999755859375,97.38500213623047,97.30999755859375,97.36750030517578,247975
2018-11-04,97.34249877929688,97.34500122070312,97.30999755859375,97.30999755859375,271099
2018-11-11,97.35250091552734,97.36499786376953,97.34249877929688,97.34249877929688,174889
2018-11-18,97.2300033569336,97.3550033569336,97.2249984741211,97.3550033569336,1296281
2018-11-25,97.20249938964844,97.23500061035156,97.19999694824219,97.2300033569336,1687316
2018-12-02,97.19499969482422,97.22000122070312,97.17500305175781,97.19999694824219,1971352
2018-12-09,97.19499969482422,97.21499633789062,97.1875,97.19750213623047,1465143
2018-12-16,97.20500183105469,97.25749969482422,97.19000244140625,97.19499969482422,511658
2018-12-23,97.24749755859375,97.26499938964844,97.20999908447266,97.20999908447266,152898
2018-12-30,97.2249984741211,97.26000213623047,97.21499633789062,97.24500274658203,243038
2019-01-06,97.21749877929688,97.24500274658203,97.21499633789062,97.2300033569336,294170
2019-01-13,97.29499816894531,97.30500030517578,97.21749877929688,97.21749877929688,355852
2019-01-20,97.30500030517578,97.30500030517578,97.27999877929688,97.30000305175781,249805
2019-01-27,97.32250213623047,97.3375015258789,97.30249786376953,97.30249786376953,292852
2019-02-03,97.3324966430664,97.33999633789062,97.29499816894531,97.32499694824219,350593
2019-02-10,97.32250213623047,97.3375015258789,97.31999969482422,97.33000183105469,272705
2019-02-17,97.39250183105469,97.4000015258789,97.35749816894531,97.36000061035156,1167578
2019-02-24,97.40499877929688,97.41000366210938,97.38999938964844,97.38999938964844,1081360
2019-03-03,97.4000015258789,97.40750122070312,97.38749694824219,97.40750122070312,1004396
2019-03-10,97.37750244140625,97.40249633789062,97.37249755859375,97.40249633789062,1223943
2019-03-17,97.4000015258789,97.40499877929688,97.36499786376953,97.375,475509
2019-03-24,97.4175033569336,97.44249725341797,97.39749908447266,97.4000015258789,311971
2019-03-31,97.41999816894531,97.42749786376953,97.40750122070312,97.4175033569336,164771
2019-04-07,97.40499877929688,97.43000030517578,97.40249633789062,97.42250061035156,273242
2019-04-14,97.4124984741211,97.4175033569336,97.3949966430664,97.40249633789062,171056
2019-04-21,97.41999816894531,97.42500305175781,97.40499877929688,97.4124984741211,210813
2019-04-28,97.43499755859375,97.44999694824219,97.4175033569336,97.41999816894531,207746
2019-05-05,97.47250366210938,97.47250366210938,97.44000244140625,97.44000244140625,168724
2019-05-12,97.48249816894531,97.51249694824219,97.47250366210938,97.47250366210938,1498103
2019-05-19,97.47250366210938,97.48999786376953,97.46749877929688,97.48500061035156,1033866
2019-05-26,97.52999877929688,97.55000305175781,97.47250366210938,97.47750091552734,1376160
2019-06-02,97.5875015258789,97.6050033569336,97.5250015258789,97.53250122070312,2302858
2019-06-09,97.5875015258789,97.61250305175781,97.54750061035156,97.56500244140625,1457420
2019-06-16,97.77999877929688,97.80500030517578,97.58000183105469,97.58999633789062,459768
2019-06-23,97.7699966430664,97.81999969482422,97.76000213623047,97.78250122070312,323971
2019-06-30,97.6875,97.76000213623047,97.66999816894531,97.74749755859375,170758
2019-07-07,97.69249725341797,97.73249816894531,97.65499877929688,97.69999694824219,342155
2019-07-14,97.81749725341797,97.8949966430664,97.69000244140625,97.69000244140625,392993
2019-07-21,97.76499938964844,97.82499694824219,97.76249694824219,97.80999755859375,236819
2019-07-28,97.83000183105469,97.8375015258789,97.73999786376953,97.76750183105469,555335
2019-08-04,97.86499786376953,97.94499969482422,97.84750366210938,97.8499984741211,208274
2019-08-11,97.87249755859375,97.91000366210938,97.8375015258789,97.8550033569336,153780
2019-08-18,97.9800033569336,98.0,97.84850311279297,97.86750030517578,1534687
2019-08-25,97.9375,98.0250015258789,97.93000030517578,98.0,1455790
2019-09-01,97.90750122070312,97.97250366210938,97.88999938964844,97.94000244140625,1348339
2019-09-08,97.85250091552734,97.90750122070312,97.84750366210938,97.90750122070312,1531170
2019-09-15,97.91500091552734,97.9625015258789,97.80999755859375,97.85250091552734,620329
2019-09-22,97.94000244140625,97.94999694824219,97.89250183105469,97.92250061035156,275859
2019-09-29,98.0,98.03250122070312,97.92749786376953,97.93499755859375,223336
2019-10-06,97.98500061035156,98.0374984741211,97.97250366210938,97.98750305175781,191129
2019-10-13,98.11250305175781,98.11750030517578,97.98750305175781,97.98750305175781,246165
2019-10-20,98.0875015258789,98.11750030517578,98.07499694824219,98.11250305175781,163005
2019-10-27,98.11250305175781,98.13500213623047,98.08000183105469,98.0875015258789,192101
2019-11-03,98.10250091552734,98.11750030517578,98.09750366210938,98.11000061035156,214694
2019-11-10,98.0999984741211,98.10749816894531,98.0875015258789,98.10749816894531,139355
2019-11-17,98.0824966430664,98.12750244140625,98.08000183105469,98.09750366210938,1345663
2019-11-24,98.09249877929688,98.0999984741211,98.07250213623047,98.08000183105469,708370
2019-12-01,98.11000061035156,98.125,98.08999633789062,98.09249877929688,1230296
2019-12-08,98.1050033569336,98.11499786376953,98.09750366210938,98.11250305175781,1133935
2019-12-15,98.13749694824219,98.1675033569336,98.0999984741211,98.10250091552734,341794
2019-12-22,98.16000366210938,98.16500091552734,98.12249755859375,98.13749694824219,138282
2019-12-29,98.18250274658203,98.19999694824219,98.16000366210938,98.16000366210938,280969
2020-01-05,98.18000030517578,98.20249938964844,98.16999816894531,98.19499969482422,449730
2020-01-12,98.23999786376953,98.24500274658203,98.168701171875,98.17749786376953,318762
2020-01-19,98.27249908447266,98.27249908447266,98.23750305175781,98.24250030517578,233672
2020-01-26,98.31500244140625,98.31999969482422,98.25749969482422,98.26750183105469,279015
2020-02-02,98.30500030517578,98.31749725341797,98.27999877929688,98.31500244140625,155114
2020-02-09,98.31749725341797,98.32749938964844,98.30500030517578,98.30500030517578,293257
2020-02-16,98.36499786376953,98.37000274658203,98.32749938964844,98.34249877929688,1279826
2020-02-23,98.63999938964844,98.65249633789062,98.36750030517578,98.36750030517578,3716291
2020-03-01,99.06500244140625,99.2300033569336,98.66500091552734,98.66500091552734,5169881
2020-03-08,99.06500244140625,99.38999938964844,99.04000091552734,99.08999633789062,2543434
2020-03-15,99.13999938964844,99.53500366210938,98.91999816894531,99.36000061035156,1352334
2020-03-22,98.77999877929688,99.13500213623047,98.77999877929688,99.13249969482422,627460
2020-03-29,98.7300033569336,98.9124984741211,98.72750091552734,98.79750061035156,587335
2020-04-05,98.78109741210938,98.78109741210938,98.7074966430664,98.74500274658203,342677
2020-04-12,99.3550033569336,99.40249633789062,99.28500366210938,99.30500030517578,404714
2020-04-19,99.4749984741211,99.48249816894531,99.27749633789062,99.36000061035156,496925
2020-04-26,99.58000183105469,99.63500213623047,99.48249816894531,99.48249816894531,445834
2020-05-03,99.65499877929688,99.67250061035156,99.58999633789062,99.58999633789062,407960
2020-05-10,99.63749694824219,99.66000366210938,99.6050033569336,99.65249633789062,336905
2020-05-17,99.68250274658203,99.71499633789062,99.62339782714844,99.63749694824219,1111517
2020-05-24,99.69750213623047,99.70500183105469,99.66500091552734,99.68000030517578,668964
2020-05-31,99.6875,99.70999908447266,99.68250274658203,99.69750213623047,715985
2020-06-07,99.67500305175781,99.69249725341797,99.65499877929688,99.69000244140625,1127741
2020-06-14,99.69499969482422,99.70099639892578,99.67250061035156,99.67749786376953,353525
2020-06-21,99.7125015258789,99.7125015258789,99.6875,99.69249725341797,315146
2020-06-28,99.71749877929688,99.7300033569336,99.70999908447266,99.70999908447266,177386
2020-07-05,99.72750091552734,99.73500061035156,99.72000122070312,99.72750091552734,246928
2020-07-12,99.73750305175781,99.74250030517578,99.7249984741211,99.7300033569336,209607
2020-07-19,99.75749969482422,99.76249694824219,99.73500061035156,99.73500061035156,168526
2020-07-26,99.77249908447266,99.77749633789062,99.74749755859375,99.76000213623047,135074
2020-08-02,99.76499938964844,99.78500366210938,99.76249694824219,99.77749633789062,87983
2020-08-09,99.73750305175781,99.76750183105469,99.7249984741211,99.76249694824219,153420
2020-08-16,99.77249908447266,99.77999877929688,99.7322006225586,99.73750305175781,662599
2020-08-23,99.7699966430664,99.77999877929688,99.75250244140625,99.77249908447266,928546
2020-08-30,99.76000213623047,99.77249908447266,99.75749969482422,99.7699966430664,689656
2020-09-06,99.75499725341797,99.76499938964844,99.75,99.76000213623047,674275
2020-09-13,99.7750015258789,99.78250122070312,99.74749755859375,99.75250244140625,298895
2020-09-20,99.7750015258789,99.78250122070312,99.77249908447266,99.7750015258789,147512
2020-09-27,99.78250122070312,99.7874984741211,99.77749633789062,99.77749633789062,185294
2020-10-04,99.78250122070312,99.7925033569336,99.77749633789062,99.78500366210938,130084
2020-10-11,99.77749633789062,99.78250122070312,99.7699966430664,99.77999877929688,119258
2020-10-18,99.76750183105469,99.79139709472656,99.76750183105469,99.77749633789062,150796
2020-10-25,99.77749633789062,99.77749633789062,99.76499938964844,99.76750183105469,72051
2020-11-01,99.78250122070312,99.78500366210938,99.76750183105469,99.7750015258789,130103
2020-11-08,99.7750015258789,99.78500366210938,99.7699966430664,99.78250122070312,124055
2020-11-15,99.75250244140625,99.77960205078125,99.74250030517578,99.7750015258789,627221
2020-11-22,99.75,99.75749969482422,99.74250030517578,99.75250244140625,547680
2020-11-29,99.75499725341797,99.76249694824219,99.74250030517578,99.75,802768
2020-12-06,99.78250122070312,99.78250122070312,99.75,99.75749969482422,1313725
2020-12-13,99.80000305175781,99.81500244140625,99.77999877929688,99.78250122070312,218269
2020-12-20,99.80249786376953,99.80750274658203,99.7874984741211,99.79750061035156,117471
2020-12-27,99.80500030517578,99.8125,99.80000305175781,99.80500030517578,119947
2021-01-03,99.79750061035156,99.80750274658203,99.79499816894531,99.80249786376953,225301
2021-01-10,99.78250122070312,99.80000305175781,99.7750015258789,99.80000305175781,228463
2021-01-17,99.80500030517578,99.81500244140625,99.7760009765625,99.78250122070312,216321
2021-01-24,99.81999969482422,99.82499694824219,99.80000305175781,99.80500030517578,126463
2021-01-31,99.82499694824219,99.82749938964844,99.81500244140625,99.82250213623047,122851
2021-02-07,99.80999755859375,99.82250213623047,99.80750274658203,99.82250213623047,127615
2021-02-14,99.84249877929688,99.84750366210938,99.80750274658203,99.80999755859375,855164
2021-02-21,99.81999969482422,99.84750366210938,99.81500244140625,99.84500122070312,1106745
2021-02-28,99.81999969482422,99.83000183105469,99.8125,99.81999969482422,820413
2021-03-07,99.8125,99.82250213623047,99.80999755859375,99.81999969482422,902447
2021-03-14,99.82749938964844,99.83499908447266,99.80750274658203,99.80999755859375,235346
2021-03-21,99.81999969482422,99.83000183105469,99.81749725341797,99.82749938964844,116026
2021-03-28,99.81500244140625,99.82499694824219,99.8125,99.81999969482422,142436
2021-04-04,99.81749725341797,99.81999969482422,99.81500244140625,99.81749725341797,86665
2021-04-11,99.8125,99.81999969482422,99.80999755859375,99.81999969482422,102439
2021-04-18,99.81749725341797,99.82499694824219,99.80999755859375,99.81500244140625,115523
2021-04-25,99.81999969482422,99.82250213623047,99.8125,99.81999969482422,139186
2021-05-02,99.8375015258789,99.8375015258789,99.81749725341797,99.81999969482422,90865
2021-05-09,99.84249877929688,99.84500122070312,99.8324966430664,99.83499908447266,113624
2021-05-16,99.85250091552734,99.85749816894531,99.84500122070312,99.84500122070312,629006
2021-05-23,99.87750244140625,99.88249969482422,99.85250091552734,99.85250091552734,777605
2021-05-30,99.87750244140625,99.88249969482422,99.87000274658203,99.87999725341797,539798
2021-06-06,99.87999725341797,99.88249969482422,99.875,99.87999725341797,903589
2021-06-13,99.86499786376953,99.88249969482422,99.86250305175781,99.87999725341797,559827
2021-06-20,99.86250305175781,99.875,99.85749816894531,99.86750030517578,273803
2021-06-27,99.86750030517578,99.87000274658203,99.86000061035156,99.86499786376953,196655
2021-07-04,99.87750244140625,99.88249969482422,99.86750030517578,99.87000274658203,184838
2021-07-11,99.86750030517578,99.87999725341797,99.86750030517578,99.87750244140625,165358
2021-07-18,99.87249755859375,99.87249755859375,99.85250091552734,99.87000274658203,161408
2021-07-25,99.87750244140625,99.87750244140625,99.86750030517578,99.87000274658203,84580
2021-08-01,99.875,99.87999725341797,99.87249755859375,99.87750244140625,63698
2021-08-08,99.87750244140625,99.87750244140625,99.87249755859375,99.87249755859375,44349
2021-08-15,99.87249755859375,99.87750244140625,99.86499786376953,99.87750244140625,554262
2021-08-22,99.87750244140625,99.87750244140625,99.86750030517578,99.87000274658203,405760
2021-08-29,99.88249969482422,99.88249969482422,99.875,99.875,341031
2021-09-05,99.88249969482422,99.88500213623047,99.87999725341797,99.88249969482422,468150
2021-09-12,99.87000274658203,99.88400268554688,99.87000274658203,99.88249969482422,275779
2021-09-19,99.86499786376953,99.87249755859375,99.86250305175781,99.87249755859375,178631
2021-09-26,99.86750030517578,99.875,99.86499786376953,99.86750030517578,219327
2021-10-03,99.87249755859375,99.87750244140625,99.86750030517578,99.86750030517578,154835
2021-10-10,99.87249755859375,99.87750244140625,99.87249755859375,99.875,114052
2021-10-17,99.8499984741211,99.875,99.83499908447266,99.87249755859375,220019
2021-10-24,99.8375015258789,99.8550033569336,99.8324966430664,99.85250091552734,132045
2021-10-31,99.84750366210938,99.8499984741211,99.82250213623047,99.83499908447266,141169
2021-11-07,99.83999633789062,99.84500122070312,99.8324966430664,99.84500122070312,125901
2021-11-14,99.78500366210938,99.84249877929688,99.78250122070312,99.83999633789062,817784
2021-11-21,99.7874984741211,99.79499816894531,99.76000213623047,99.78250122070312,1051554
2021-11-28,99.79750061035156,99.80750274658203,99.77999877929688,99.7874984741211,1040168
2021-12-05,99.79750061035156,99.80000305175781,99.77999877929688,99.79750061035156,757409
2021-12-12,99.77999877929688,99.80000305175781,99.77249908447266,99.80000305175781,216681
2021-12-19,99.77249908447266,99.7874984741211,99.77249908447266,99.77999877929688,102436
2021-12-26,99.80249786376953,99.80750274658203,99.77249908447266,99.7750015258789,120435
2022-01-02,99.76750183105469,99.81749725341797,99.76000213623047,99.80999755859375,174047
2022-01-09,99.75749969482422,99.76499938964844,99.75250244140625,99.76499938964844,162281
2022-01-16,99.67749786376953,99.75749969482422,99.63999938964844,99.75749969482422,170763
2022-01-23,99.62999725341797,99.68499755859375,99.61250305175781,99.67500305175781,124416
2022-01-30,99.56749725341797,99.65499877929688,99.56749725341797,99.62999725341797,139843
2022-02-06,99.5250015258789,99.60250091552734,99.47250366210938,99.58000183105469,170400
2022-02-13,99.36000061035156,99.54139709472656,99.27749633789062,99.52749633789062,1150310
2022-02-20,99.32749938964844,99.40249633789062,99.30249786376953,99.36000061035156,1137881
2022-02-27,99.19000244140625,99.4000015258789,99.1500015258789,99.36499786376953,1849742
2022-03-06,99.14250183105469,99.19999694824219,99.11000061035156,99.17749786376953,1087741
2022-03-13,98.9375,99.15750122070312,98.78250122070312,99.1449966430664,329957
2022-03-20,98.9000015258789,98.94750213623047,98.875,98.93250274658203,176276
2022-03-27,98.98999786376953,99.01249694824219,98.8949966430664,98.9175033569336,205121
2022-04-03,98.97000122070312,99.0,98.95999908447266,98.98500061035156,114874
2022-04-10,98.93730163574219,98.96749877929688,98.93250274658203,98.9625015258789,149490
2022-04-17,98.41500091552734,98.61750030517578,98.3949966430664,98.6050033569336,86086
2022-04-24,98.43000030517578,98.49250030517578,98.41500091552734,98.45249938964844,89221
2022-05-01,98.50250244140625,98.53500366210938,98.40249633789062,98.41999816894531,72061
2022-05-08,98.5374984741211,98.54750061035156,98.4749984741211,98.49749755859375,61548
2022-05-15,98.19499969482422,98.54499816894531,98.15750122070312,98.5425033569336,557707
2022-05-22,98.23750305175781,98.23999786376953,98.18250274658203,98.1875,441080
2022-05-29,98.23750305175781,98.24250030517578,98.2249984741211,98.23999786376953,379030
2022-06-05,98.1875,98.23750305175781,98.18000030517578,98.23500061035156,788009
2022-06-12,97.46499633789062,98.18250274658203,97.3949966430664,98.18000030517578,224158
2022-06-19,97.48500061035156,97.5,97.43250274658203,97.43499755859375,144270
2022-06-26,97.51499938964844,97.56999969482422,97.46499633789062,97.49250030517578,133247
2022-07-03,97.44750213623047,97.53500366210938,97.43499755859375,97.52999877929688,92446
2022-07-10,97.32499694824219,97.46749877929688,97.19000244140625,97.44249725341797,121059
2022-07-17,96.99500274658203,97.33499908447266,96.88500213623047,97.32250213623047,101901
2022-07-24,97.0824966430664,97.09750366210938,96.96499633789062,97.00250244140625,79851
2022-07-31,96.99250030517578,97.09249877929688,96.98500061035156,97.08499908447266,55150
2022-08-07,97.06500244140625,97.125,96.98999786376953,96.98999786376953,47251
2022-08-14,96.65750122070312,97.06999969482422,96.5875015258789,97.06999969482422,764084
2022-08-21,96.625,96.69499969482422,96.61499786376953,96.65499877929688,600452
2022-08-28,96.65499877929688,96.66500091552734,96.57250213623047,96.61250305175781,553593
2022-09-04,96.5824966430664,96.6624984741211,96.54000091552734,96.65499877929688,618488
2022-09-11,96.43470001220703,96.62000274658203,96.38500213623047,96.58999633789062,1159910
2022-09-18,95.98249816894531,96.02749633789062,95.9574966430664,95.98999786376953,102042
2022-09-25,96.01000213623047,96.07749938964844,95.91999816894531,95.9749984741211,163062
2022-10-02,95.9574966430664,96.06500244140625,95.94999694824219,95.99250030517578,77058
2022-10-09,95.76499938964844,95.9800033569336,95.76000213623047,95.95500183105469,108155
2022-10-16,95.30000305175781,95.77999877929688,95.20249938964844,95.7750015258789,111338
2022-10-23,95.32499694824219,95.36750030517578,95.26750183105469,95.30750274658203,76168
2022-10-30,95.3324966430664,95.34750366210938,95.26249694824219,95.31500244140625,57829
2022-11-06,95.37750244140625,95.38249969482422,95.30500030517578,95.3324966430664,65216
2022-11-13,95.01499938964844,95.37000274658203,94.9749984741211,95.37000274658203,767792
2022-11-20,95.04499816894531,95.05249786376953,94.98999786376953,95.01000213623047,371894
2022-11-27,95.1675033569336,95.18000030517578,95.03500366210938,95.05000305175781,692780
2022-12-04,95.24749755859375,95.25250244140625,95.15249633789062,95.1675033569336,465262
2022-12-11,95.25749969482422,95.2699966430664,95.2074966430664,95.25,564875
2022-12-18,95.2074966430664,95.26249694824219,95.15249633789062,95.25250244140625,60703
2022-12-25,95.20999908447266,95.23999786376953,95.19000244140625,95.2125015258789,46851
2023-01-01,95.19249725341797,95.22250366210938,95.1449966430664,95.21499633789062,63501
2023-01-08,95.20999908447266,95.23249816894531,95.13999938964844,95.19750213623047,74540
2023-01-15,95.08000183105469,95.2125015258789,95.06500244140625,95.2125015258789,71829
2023-01-22,95.11250305175781,95.11499786376953,95.06749725341797,95.07499694824219,55563
2023-01-29,95.11000061035156,95.16000366210938,95.1050033569336,95.11250305175781,48864
2023-02-05,95.11250305175781,95.12000274658203,95.08499908447266,95.1050033569336,41487
2023-02-12,94.92250061035156,95.13639831542969,94.90750122070312,95.11750030517578,288883
2023-02-19,94.92500305175781,94.92749786376953,94.87750244140625,94.92250061035156,393558
2023-02-26,94.92749786376953,94.94249725341797,94.8949966430664,94.92250061035156,253664
2023-03-05,94.86250305175781,94.9375,94.77249908447266,94.9375,624080
2023-03-12,94.88999938964844,95.13369750976562,94.6675033569336,94.93000030517578,184248
2023-03-19,94.8324966430664,95.12000274658203,94.75499725341797,94.94750213623047,80085
2023-03-26,94.82499694824219,94.87750244140625,94.77999877929688,94.80999755859375,109126
2023-04-02,96.7249984741211,96.80000305175781,94.7925033569336,94.80000305175781,45581
2023-04-09,96.58000183105469,96.69000244140625,96.58000183105469,96.6500015258789,7372
