Date,VIX,US_Treasury_5Y,US_Treasury_10Y,US_Treasury_30Y,Fed_Funds_Rate,Manufacturing_Employment,DXY_Dollar_Index,Gold_Spot,Brent_Crude_Oil,ISM_Manufacturing_PMI
2006-01-06,11.0,4.32,4.38,4.53,4.29,14208.0,88.85,539.65,62.86,54.8
2006-01-13,11.23,4.28,4.36,4.49,4.29,14208.0,88.89,556.875,62.4,54.8
2006-01-20,14.56,4.31,4.37,4.54,4.29,14208.0,88.95,553.8,66.2,54.8
2006-01-27,11.97,4.45,4.52,4.7,4.29,14208.0,89.32,559.55,66.36,54.8
2006-02-03,12.96,4.5,4.54,4.64,4.49,14208.0,89.89,567.65,63.6,56.7
2006-02-10,12.87,4.59,4.59,4.55,4.49,14208.0,90.55,550.95,59.72,56.7
2006-02-17,12.01,4.55,4.54,4.51,4.49,14208.0,90.64,552.15,59.85,56.7
2006-02-24,11.46,4.64,4.58,4.52,4.49,14208.0,90.61,558.95,62.65,56.7
2006-03-03,11.96,4.71,4.68,4.66,4.59,14210.0,89.66,565.05,64.1,55.2
2006-03-10,11.85,4.77,4.76,4.74,4.59,14210.0,90.85,540.35,60.92,55.2
2006-03-17,12.12,4.62,4.68,4.72,4.59,14210.0,88.92,553.85,63.5,55.2
2006-03-24,11.19,4.66,4.67,4.7,4.59,14210.0,90.07,560.45,63.44,55.2
2006-03-31,11.39,4.82,4.86,4.9,4.59,14210.0,89.73,583.65,66.18,55.2
2006-04-07,12.26,4.89,4.97,5.04,4.79,14223.0,89.63,588.45,67.33,57.3
2006-04-14,12.38,4.97,5.05,5.11,4.79,14223.0,89.62,599.8,70.8,57.3
2006-04-21,11.59,4.92,5.01,5.1,4.79,14223.0,88.05,634.0,74.5,57.3
2006-04-28,11.59,4.92,5.07,5.17,4.79,14223.0,86.11,654.5,71.73,57.3
2006-05-05,11.62,4.99,5.12,5.2,4.94,14200.0,85.12,682.7,70.82,54.4
2006-05-12,14.19,5.08,5.19,5.29,4.94,14200.0,83.96,714.8,72.04,54.4
2006-05-19,17.18,4.96,5.05,5.14,4.94,14200.0,84.88,657.6,68.52,54.4
2006-05-26,14.26,4.95,5.06,5.16,4.94,14200.0,85.26,652.0,70.67,54.4
2006-06-02,14.32,4.9,5.0,5.1,4.99,14210.0,84.05,638.2,71.48,53.8
2006-06-09,18.12,4.95,4.98,5.03,4.99,14210.0,85.72,607.45,70.6,53.8
2006-06-16,17.25,5.1,5.13,5.17,4.99,14210.0,85.92,580.85,69.0,53.8
2006-06-23,15.89,5.21,5.23,5.26,4.99,14210.0,86.82,583.35,69.9,53.8
2006-06-30,13.08,5.1,5.15,5.19,4.99,14210.0,85.22,613.1,73.26,53.8
2006-07-07,13.97,5.1,5.14,5.18,5.24,14185.0,84.98,630.55,73.25,54.7
2006-07-14,18.05,5.02,5.07,5.11,5.24,14185.0,86.09,665.15,77.35,54.7
2006-07-21,17.4,4.99,5.05,5.1,5.24,14185.0,85.93,620.75,73.95,54.7
2006-07-28,14.33,4.92,5.0,5.07,5.24,14185.0,85.44,635.9,73.54,54.7
2006-08-04,14.34,4.84,4.91,5.0,5.25,14154.0,84.57,646.45,76.13,54.5
2006-08-11,14.3,4.91,4.97,5.09,5.25,14154.0,85.52,632.7,75.7,54.5
2006-08-18,11.64,4.78,4.84,4.97,5.25,14154.0,85.09,615.0,72.15,54.5
2006-08-25,12.31,4.76,4.79,4.93,5.25,14154.0,85.38,623.25,72.65,54.5
2006-09-01,11.96,4.68,4.73,4.87,5.25,14120.0,84.94,625.5,69.2,52.9
2006-09-08,13.16,4.71,4.78,4.92,5.25,14120.0,85.95,610.8,65.35,52.9
2006-09-15,11.76,4.76,4.8,4.92,5.25,14120.0,85.99,579.85,63.47,52.9
2006-09-22,12.59,4.55,4.6,4.74,5.25,14120.0,85.2,588.3,60.3,52.9
2006-09-29,11.98,4.59,4.64,4.77,5.25,14120.0,85.97,598.3,62.5,52.9
2006-10-06,11.56,4.64,4.7,4.84,5.25,14068.0,86.44,573.8,59.79,51.2
2006-10-13,10.75,4.77,4.81,4.94,5.25,14068.0,87.12,590.0,59.4,51.2
2006-10-20,10.63,4.76,4.79,4.91,5.25,14068.0,86.27,591.9,59.56,51.2
2006-10-27,10.8,4.64,4.68,4.8,5.25,14068.0,85.56,600.05,61.12,51.2
2006-11-03,11.16,4.7,4.72,4.81,5.25,14034.0,85.71,628.0,59.25,49.5
2006-11-10,10.79,4.57,4.59,4.69,5.25,14034.0,85.05,628.7,59.88,49.5
2006-11-17,10.05,4.6,4.61,4.69,5.25,14034.0,85.37,622.0,59.0,49.5
2006-11-24,10.73,4.55,4.55,4.63,5.25,14034.0,83.71,638.2,60.09,49.5
2006-12-01,11.66,4.39,4.43,4.54,5.24,14009.0,82.48,645.8,64.89,51.4
2006-12-08,12.07,4.53,4.56,4.66,5.24,14009.0,83.33,625.15,62.39,51.4
2006-12-15,10.05,4.57,4.6,4.72,5.24,14009.0,84.06,615.25,63.34,51.4
2006-12-22,11.36,4.59,4.63,4.76,5.24,14009.0,83.94,621.0,62.06,51.4
2006-12-29,11.56,4.7,4.71,4.81,5.24,14009.0,83.72,636.8,60.79,51.4
2007-01-05,12.14,4.65,4.65,4.74,5.25,14004.0,84.63,607.4,55.67,49.3
2007-01-12,10.15,4.76,4.77,4.86,5.25,14004.0,85.03,626.9,52.87,49.3
2007-01-19,10.4,4.78,4.78,4.87,5.25,14004.0,84.86,635.5,53.51,49.3
2007-01-26,11.13,4.87,4.88,4.98,5.25,14004.0,85.28,646.6,55.37,49.3
2007-02-02,10.08,4.82,4.83,4.93,5.26,13993.0,84.96,648.25,58.52,52.3
2007-02-09,11.1,4.78,4.79,4.87,5.26,13993.0,84.87,666.65,58.8,52.3
2007-02-16,10.02,4.68,4.69,4.79,5.26,13993.0,84.09,669.05,58.78,52.3
2007-02-23,10.58,4.67,4.68,4.79,5.26,13993.0,84.07,682.85,60.64,52.3
2007-03-02,18.61,4.46,4.52,4.65,5.26,13964.0,83.74,642.95,61.63,50.9
2007-03-09,14.09,4.55,4.59,4.72,5.26,13964.0,84.24,650.275,61.15,50.9
2007-03-16,16.79,4.47,4.55,4.7,5.26,13964.0,83.23,652.9,60.38,50.9
2007-03-23,12.95,4.52,4.62,4.8,5.26,13964.0,83.28,657.1,63.2,50.9
2007-03-30,14.64,4.54,4.65,4.84,5.26,13964.0,82.93,663.6,68.1,50.9
2007-04-06,13.23,4.67,4.76,4.92,5.25,13939.0,82.99,674.5,68.1,54.7
2007-04-13,12.2,4.68,4.76,4.93,5.25,13939.0,82.129,685.6,68.96,54.7
2007-04-20,12.07,4.57,4.68,4.85,5.25,13939.0,81.643,691.35,66.61,54.7
2007-04-27,12.45,4.59,4.71,4.89,5.25,13939.0,81.529,680.95,68.32,54.7
2007-05-04,12.91,4.55,4.65,4.8,5.25,13922.0,81.741,688.75,65.25,55.0
2007-05-11,12.95,4.58,4.67,4.85,5.25,13922.0,82.116,671.05,66.92,55.0
2007-05-18,12.76,4.74,4.81,4.96,5.25,13922.0,82.197,661.65,69.45,55.0
2007-05-25,13.34,4.8,4.86,5.01,5.25,13922.0,82.331,656.15,70.74,55.0
2007-06-01,12.78,4.92,4.95,5.06,5.25,13903.0,82.322,671.45,68.8,56.0
2007-06-08,14.84,5.06,5.12,5.22,5.25,13903.0,82.691,648.55,68.72,56.0
2007-06-15,13.94,5.1,5.16,5.26,5.25,13903.0,82.851,655.75,71.55,56.0
2007-06-22,15.75,5.02,5.14,5.25,5.25,13903.0,82.336,654.35,71.12,56.0
2007-06-29,16.23,4.92,5.03,5.12,5.25,13903.0,81.92,649.65,71.35,56.0
2007-07-06,14.72,5.1,5.19,5.28,5.26,13881.0,81.465,655.9,75.5,53.8
2007-07-13,15.15,5.01,5.11,5.19,5.26,13881.0,80.576,667.3,77.61,53.8
2007-07-20,16.95,4.85,4.96,5.07,5.26,13881.0,80.288,683.7,77.4,53.8
2007-07-27,24.17,4.6,4.8,4.95,5.26,13881.0,80.946,661.4,76.36,53.8
2007-08-03,25.16,4.52,4.71,4.87,5.02,13821.0,80.177,673.3,74.45,52.9
2007-08-10,28.3,4.59,4.81,5.03,5.02,13821.0,80.679,672.8,70.5,52.9
2007-08-17,29.99,4.35,4.68,5.0,5.02,13821.0,81.426,657.2,70.2,52.9
2007-08-24,20.72,4.42,4.63,4.88,5.02,13821.0,80.667,668.4,70.72,52.9
2007-08-31,23.38,4.25,4.54,4.83,5.02,13821.0,80.791,673.0,72.57,52.9
2007-09-07,26.23,4.03,4.38,4.7,4.94,13784.0,79.959,700.8,74.97,52.0
2007-09-14,24.92,4.18,4.47,4.72,4.94,13784.0,79.617,707.1,76.3,52.0
2007-09-21,19.0,4.31,4.64,4.89,4.94,13784.0,78.597,731.2,79.03,52.0
2007-09-28,18.0,4.23,4.59,4.83,4.94,13784.0,77.719,744.1,78.99,52.0
2007-10-05,16.91,4.33,4.65,4.87,4.76,13756.0,78.308,742.7,78.83,50.9
2007-10-12,17.73,4.42,4.7,4.91,4.76,13756.0,78.224,749.6,80.64,50.9
2007-10-19,22.96,4.03,4.41,4.68,4.76,13756.0,77.407,765.2,83.5,50.9
2007-10-26,19.56,4.04,4.41,4.68,4.76,13756.0,77.027,785.4,88.76,50.9
2007-11-02,23.01,3.93,4.31,4.61,4.49,13751.0,76.337,807.5,91.85,50.8
2007-11-09,28.5,3.77,4.23,4.61,4.49,13751.0,75.4,831.7,93.16,50.8
2007-11-16,25.49,3.68,4.15,4.52,4.49,13751.0,75.827,787.3,91.51,50.8
2007-11-23,25.61,3.42,4.01,4.43,4.49,13751.0,75.053,823.4,95.67,50.8
2007-11-30,22.87,3.41,3.97,4.4,4.49,13751.0,76.147,782.9,88.19,50.8
2007-12-07,20.85,3.51,4.12,4.58,4.24,13739.0,76.288,795.6,88.61,47.7
2007-12-14,23.27,3.63,4.24,4.66,4.24,13739.0,77.436,794.9,92.68,47.7
2007-12-21,18.47,3.58,4.18,4.58,4.24,13739.0,77.721,810.8,92.45,47.7
2007-12-28,20.74,3.52,4.11,4.51,4.24,13739.0,76.218,839.0,94.15,47.7
2008-01-04,23.94,3.18,3.88,4.36,3.94,13717.0,75.793,861.5,96.75,50.7
2008-01-11,23.68,3.06,3.82,4.39,3.94,13717.0,75.978,895.75,91.3,50.7
2008-01-18,27.18,2.86,3.66,4.28,3.94,13717.0,76.383,884.55,89.23,50.7
2008-01-25,29.08,2.81,3.61,4.28,3.94,13717.0,75.973,913.5,90.96,50.7
2008-02-01,24.02,2.75,3.62,4.32,2.98,13690.0,75.445,910.375,89.51,48.3
2008-02-08,28.01,2.69,3.64,4.43,2.98,13690.0,76.67,918.35,91.95,48.3
2008-02-15,25.02,2.76,3.76,4.58,2.98,13690.0,76.101,902.7,94.81,48.3
2008-02-22,24.06,2.81,3.79,4.58,2.98,13690.0,75.52,945.5,97.1,48.3
2008-02-29,26.54,2.5,3.53,4.41,2.98,13690.0,73.714,972.475,100.1,48.3
2008-03-07,27.49,2.45,3.56,4.55,2.61,13650.0,73.027,973.4,102.65,48.6
2008-03-14,31.16,2.37,3.44,4.35,2.61,13650.0,71.657,993.2,107.45,48.6
2008-03-21,26.62,2.36,3.34,4.17,2.61,13650.0,72.747,919.5,99.98,48.6
2008-03-28,25.71,2.51,3.47,4.33,2.61,13650.0,71.678,930.4,103.36,48.6
2008-04-04,22.45,2.63,3.5,4.32,2.28,13589.0,72.021,913.3,104.77,48.6
2008-04-11,23.46,2.57,3.49,4.3,2.28,13589.0,71.808,925.3,108.72,48.6
2008-04-18,20.13,2.95,3.77,4.51,2.28,13589.0,72.012,916.4,114.2,48.6
2008-04-25,19.59,3.2,3.91,4.61,2.28,13589.0,72.79,886.15,116.65,48.6
2008-05-02,18.18,3.18,3.89,4.57,1.98,13555.0,73.5,856.45,114.45,49.6
2008-05-09,19.41,2.98,3.77,4.53,1.98,13555.0,73.05,884.9,125.55,49.6
2008-05-16,16.47,3.12,3.85,4.58,1.98,13555.0,72.844,902.3,125.1,49.6
2008-05-23,19.55,3.15,3.85,4.57,1.98,13555.0,71.888,925.2,130.75,49.6
2008-05-30,17.83,3.41,4.06,4.72,1.98,13555.0,72.879,886.9,128.27,49.6
2008-06-06,23.56,3.2,3.94,4.65,2.0,13494.0,72.39,902.35,136.87,50.2
2008-06-13,21.22,3.73,4.27,4.79,2.0,13494.0,74.146,871.2,134.26,50.2
2008-06-20,22.87,3.57,4.16,4.71,2.0,13494.0,73.03,901.85,134.39,50.2
2008-06-27,23.44,3.36,3.99,4.53,2.0,13494.0,72.36,927.85,140.37,50.2
2008-07-04,24.79,3.28,3.99,4.53,2.01,13419.0,72.731,933.3,144.6,50.0
2008-07-11,27.49,3.27,3.96,4.52,2.01,13419.0,72.096,964.7,144.42,50.0
2008-07-18,24.05,3.42,4.11,4.66,2.01,13419.0,72.189,955.3,130.0,50.0
2008-07-25,22.91,3.45,4.13,4.69,2.01,13419.0,72.86,929.7,124.34,50.0
2008-08-01,22.57,3.23,3.97,4.57,2.0,13348.0,73.424,910.55,124.26,49.9
2008-08-08,20.66,3.21,3.94,4.55,2.0,13348.0,75.845,856.35,113.1,49.9
2008-08-15,19.58,3.11,3.84,4.47,2.0,13348.0,77.18,786.5,112.69,49.9
2008-08-22,18.81,3.14,3.87,4.46,2.0,13348.0,76.805,823.1,113.9,49.9
2008-08-29,20.65,3.1,3.83,4.43,2.0,13348.0,77.381,830.8,115.17,49.9
2008-09-05,23.06,2.91,3.66,4.27,1.81,13267.0,78.932,803.8,104.58,43.5
2008-09-12,25.66,2.97,3.74,4.32,1.81,13267.0,78.966,764.45,97.0,43.5
2008-09-19,32.07,3.01,3.78,4.36,1.81,13267.0,77.68,873.15,99.85,43.5
2008-09-26,34.74,3.05,3.85,4.36,1.81,13267.0,76.953,879.9,103.53,43.5
2008-10-03,45.14,2.64,3.63,4.11,0.97,13138.0,80.313,836.8,89.26,38.9
2008-10-10,69.95,2.77,3.89,4.15,0.97,13138.0,82.997,851.4,76.03,38.9
2008-10-17,70.33,2.83,3.98,4.32,0.97,13138.0,82.413,783.7,69.75,38.9
2008-10-24,79.13,2.64,3.76,4.11,0.97,13138.0,86.44,735.3,62.7,38.9
2008-10-31,59.89,2.8,4.01,4.35,0.97,13138.0,85.633,725.05,65.6,38.9
2008-11-07,56.1,2.56,3.83,4.25,0.39,13026.0,85.907,737.45,57.5,36.2
2008-11-14,66.31,2.33,3.72,4.22,0.39,13026.0,86.365,742.55,53.85,36.2
2008-11-21,72.67,2.02,3.2,3.7,0.39,13026.0,88.191,800.0,49.25,36.2
2008-11-28,55.84,1.93,2.93,3.45,0.39,13026.0,86.517,817.5,54.5,36.2
2008-12-05,59.93,1.67,2.67,3.11,0.16,12842.0,87.121,757.4,39.74,32.4
2008-12-12,54.28,1.55,2.6,3.07,0.16,12842.0,83.711,821.95,46.75,32.4
2008-12-19,44.93,1.35,2.13,2.55,0.16,12842.0,81.07,838.35,44.42,32.4
2008-12-26,43.38,1.51,2.16,2.61,0.16,12842.0,80.97,869.65,38.44,32.4
2009-01-02,39.19,1.72,2.46,2.83,0.15,12552.0,81.501,876.55,47.04,35.6
2009-01-09,42.82,1.51,2.43,3.04,0.15,12552.0,82.483,853.45,43.75,35.6
2009-01-16,46.11,1.47,2.36,2.89,0.15,12552.0,84.045,843.35,46.18,35.6
2009-01-23,47.27,1.64,2.65,3.32,0.15,12552.0,85.582,899.4,47.46,35.6
2009-01-30,44.84,1.85,2.87,3.58,0.15,12552.0,85.834,927.75,45.93,35.6
2009-02-06,43.37,1.97,3.05,3.7,0.22,12371.0,85.286,911.55,46.4,35.8
2009-02-13,42.93,1.88,2.89,3.68,0.22,12371.0,86.095,942.1,45.0,35.8
2009-02-20,49.3,1.81,2.78,3.56,0.22,12371.0,86.593,993.3,41.83,35.8
2009-02-27,46.35,1.99,3.02,3.71,0.22,12371.0,88.166,945.15,45.84,35.8
2009-03-06,49.33,1.83,2.83,3.5,0.18,12196.0,88.552,937.35,44.59,36.3
2009-03-13,42.36,1.87,2.89,3.66,0.18,12196.0,87.251,928.2,44.71,36.3
2009-03-20,45.89,1.66,2.65,3.65,0.18,12196.0,83.708,952.85,51.4,36.3
2009-03-27,41.04,1.79,2.78,3.62,0.18,12196.0,85.142,923.05,51.6,36.3
2009-04-03,39.7,1.87,2.91,3.7,0.15,12017.0,84.176,893.9,53.55,40.1
2009-04-10,36.53,1.9,2.96,3.76,0.15,12017.0,85.537,881.65,54.1,40.1
2009-04-17,33.94,1.91,2.98,3.79,0.15,12017.0,85.896,868.9,53.3,40.1
2009-04-24,36.82,1.96,3.03,3.89,0.15,12017.0,84.716,913.1,51.59,40.1
2009-05-01,35.3,2.03,3.21,4.09,0.18,11850.0,84.542,887.3,52.65,42.8
2009-05-08,32.05,2.15,3.29,4.28,0.18,11850.0,82.444,917.05,58.5,42.8
2009-05-15,33.12,2.01,3.14,4.09,0.18,11850.0,82.948,931.7,56.1,42.8
2009-05-22,32.63,2.23,3.45,4.38,0.18,11850.0,80.04,957.35,60.63,42.8
2009-05-29,28.92,2.34,3.47,4.34,0.18,11850.0,79.233,980.0,65.8,42.8
2009-06-05,29.62,2.85,3.84,4.63,0.21,11713.0,80.668,956.3,68.5,44.8
2009-06-12,28.15,2.81,3.81,4.65,0.21,11713.0,80.128,938.9,70.76,44.8
2009-06-19,27.99,2.82,3.79,4.52,0.21,11713.0,80.334,934.3,69.3,44.8
2009-06-26,25.93,2.53,3.52,4.3,0.21,11713.0,79.903,939.05,69.15,44.8
2009-07-03,27.95,2.43,3.51,4.32,0.16,11654.0,80.453,932.5,65.43,48.9
2009-07-10,29.02,2.22,3.32,4.2,0.16,11654.0,80.233,913.15,60.29,48.9
2009-07-17,24.34,2.52,3.67,4.53,0.16,11654.0,79.347,937.7,65.33,48.9
2009-07-24,23.09,2.57,3.7,4.55,0.16,11654.0,78.749,951.35,70.32,48.9
2009-07-31,25.92,2.53,3.52,4.31,0.16,11654.0,78.347,954.75,71.8,48.9
2009-08-07,24.76,2.84,3.89,4.61,0.16,11612.0,78.975,954.9,73.19,52.9
2009-08-14,24.27,2.51,3.55,4.41,0.16,11612.0,78.885,947.35,72.5,52.9
2009-08-21,25.01,2.58,3.56,4.36,0.16,11612.0,78.044,954.15,74.08,52.9
2009-08-28,24.76,2.46,3.46,4.21,0.16,11612.0,78.366,955.95,72.87,52.9
2009-09-04,25.26,2.36,3.45,4.27,0.15,11580.0,78.136,994.4,66.56,52.6
2009-09-11,24.15,2.29,3.34,4.18,0.15,11580.0,76.608,1005.85,67.5,52.6
2009-09-18,23.92,2.49,3.49,4.24,0.15,11580.0,76.425,1007.15,71.1,52.6
2009-09-25,25.61,2.36,3.34,4.1,0.15,11580.0,76.812,991.75,65.15,52.6
2009-10-02,28.68,2.22,3.24,4.01,0.12,11527.0,77.003,1002.35,67.68,55.7
2009-10-09,23.12,2.36,3.4,4.22,0.12,11527.0,76.431,1049.25,70.25,55.7
2009-10-16,21.43,2.37,3.43,4.24,0.12,11527.0,75.597,1053.25,77.14,55.7
2009-10-23,22.27,2.46,3.51,4.29,0.12,11527.0,75.468,1054.95,78.16,55.7
2009-10-30,30.69,2.31,3.41,4.23,0.12,11527.0,76.3,1044.9,75.09,55.7
2009-11-06,24.19,2.3,3.54,4.4,0.12,11498.0,75.819,1095.05,76.05,53.6
2009-11-13,23.36,2.28,3.43,4.36,0.12,11498.0,75.334,1119.2,75.55,53.6
2009-11-20,22.19,2.2,3.36,4.3,0.12,11498.0,75.656,1149.95,77.6,53.6
2009-11-27,24.85,2.03,3.21,4.21,0.12,11498.0,74.996,1177.7,77.12,53.6
2009-12-04,21.25,2.24,3.48,4.4,0.12,11465.0,75.911,1161.7,77.74,55.9
2009-12-11,21.59,2.26,3.55,4.49,0.12,11465.0,76.573,1114.9,71.66,55.9
2009-12-18,21.68,2.3,3.55,4.46,0.12,11465.0,77.821,1112.5,73.88,55.9
2009-12-25,19.47,2.57,3.82,4.68,0.12,11465.0,77.645,1104.5,76.1,55.9
2010-01-01,21.68,2.69,3.85,4.63,0.11,11447.0,77.86,1097.35,78.0,58.4
2010-01-08,18.13,2.57,3.83,4.7,0.11,11447.0,77.471,1136.6,81.43,58.4
2010-01-15,17.91,2.44,3.7,4.58,0.11,11447.0,77.323,1130.9,77.2,58.4
2010-01-22,27.31,2.37,3.62,4.5,0.11,11447.0,78.277,1093.0,72.38,58.4
2010-01-29,24.62,2.34,3.63,4.51,0.11,11447.0,79.462,1081.55,71.18,58.4
2010-02-05,26.11,2.23,3.59,4.51,0.13,11439.0,80.441,1065.45,70.3,56.5
2010-02-12,22.73,2.35,3.69,4.66,0.13,11439.0,80.316,1093.4,72.9,56.5
2010-02-19,20.02,2.48,3.78,4.71,0.13,11439.0,80.643,1118.85,78.45,56.5
2010-02-26,19.5,2.3,3.61,4.55,0.13,11439.0,80.362,1116.5,77.65,56.5
2010-03-05,17.42,2.35,3.69,4.64,0.16,11439.0,80.432,1132.05,80.08,59.6
2010-03-12,17.58,2.42,3.71,4.62,0.16,11439.0,79.833,1102.45,79.46,59.6
2010-03-19,16.97,2.48,3.7,4.58,0.16,11439.0,80.724,1107.55,79.8,59.6
2010-03-26,17.77,2.59,3.86,4.75,0.16,11439.0,81.676,1106.6,79.36,59.6
2010-04-02,17.47,2.67,3.96,4.81,0.2,11475.0,81.293,1120.5,84.42,60.4
2010-04-09,16.14,2.65,3.9,4.74,0.2,11475.0,81.093,1160.9,84.93,60.4
2010-04-16,18.36,2.49,3.79,4.67,0.2,11475.0,80.824,1137.45,85.66,60.4
2010-04-23,16.62,2.61,3.84,4.67,0.2,11475.0,81.352,1157.4,87.21,60.4
2010-04-30,22.05,2.43,3.69,4.53,0.2,11475.0,81.866,1179.25,87.47,60.4
2010-05-07,40.95,2.17,3.45,4.28,0.2,11511.0,84.45,1208.3,78.58,59.7
2010-05-14,31.24,2.16,3.44,4.32,0.2,11511.0,86.095,1233.05,77.2,59.7
2010-05-21,40.1,2.02,3.2,4.07,0.2,11511.0,85.371,1177.15,72.11,59.7
2010-05-28,32.07,2.1,3.31,4.22,0.2,11511.0,86.48,1214.81,74.2,59.7
2010-06-04,35.48,1.98,3.2,4.13,0.18,11529.0,88.233,1220.0,71.66,56.2
2010-06-11,28.79,2.03,3.24,4.15,0.18,11529.0,87.507,1227.4,74.79,56.2
2010-06-18,23.95,2.04,3.24,4.15,0.18,11529.0,85.699,1257.35,78.42,56.2
2010-06-25,28.53,1.9,3.12,4.07,0.18,11529.0,85.313,1255.5,78.41,56.2
2010-07-02,30.12,1.82,3.0,3.94,0.18,11546.0,84.427,1211.6,71.93,55.5
2010-07-09,24.98,1.85,3.07,4.04,0.18,11546.0,83.947,1212.0,75.16,55.5
2010-07-16,26.25,1.7,2.96,3.95,0.18,11546.0,82.486,1193.65,75.35,55.5
2010-07-23,23.47,1.75,3.02,4.01,0.18,11546.0,82.464,1189.1,77.34,55.5
2010-07-30,23.5,1.6,2.94,3.98,0.18,11546.0,81.539,1180.9,78.26,55.5
2010-08-06,21.74,1.51,2.86,4.0,0.19,11538.0,80.407,1205.3,80.36,56.3
2010-08-13,26.24,1.47,2.68,3.87,0.19,11538.0,82.948,1215.55,75.25,56.3
2010-08-20,25.49,1.47,2.62,3.67,0.19,11538.0,83.057,1228.05,74.33,56.3
2010-08-27,24.45,1.49,2.66,3.69,0.19,11538.0,82.918,1238.2,76.93,56.3
2010-09-03,21.31,1.49,2.72,3.79,0.19,11549.0,82.102,1247.1,76.62,54.4
2010-09-10,21.99,1.59,2.81,3.88,0.19,11549.0,82.698,1246.45,78.15,54.4
2010-09-17,22.01,1.46,2.75,3.9,0.19,11549.0,81.398,1274.9,77.97,54.4
2010-09-24,21.71,1.37,2.62,3.79,0.19,11549.0,79.395,1296.95,78.8,54.4
2010-10-01,22.5,1.26,2.54,3.71,0.19,11548.0,78.088,1318.8,83.81,56.9
2010-10-08,20.71,1.11,2.41,3.75,0.19,11548.0,77.325,1346.8,84.19,56.9
2010-10-15,19.03,1.2,2.59,3.98,0.19,11548.0,77.041,1369.15,82.76,56.9
2010-10-22,18.78,1.17,2.59,3.94,0.19,11548.0,77.472,1328.2,82.9,56.9
2010-10-29,21.2,1.17,2.63,3.99,0.19,11548.0,77.266,1359.55,83.14,56.9
2010-11-05,18.26,1.1,2.58,4.12,0.19,11571.0,76.548,1393.9,88.47,56.6
2010-11-12,20.61,1.35,2.76,4.26,0.19,11571.0,78.082,1368.945,86.04,56.6
2010-11-19,18.04,1.54,2.88,4.25,0.19,11571.0,78.504,1353.5,84.13,56.6
2010-11-26,22.22,1.53,2.87,4.21,0.19,11571.0,80.357,1364.425,85.8,56.6
2010-12-03,18.01,1.64,3.03,4.32,0.18,11579.0,79.377,1415.045,91.68,57.0
2010-12-10,17.61,1.98,3.32,4.43,0.18,11579.0,80.07,1386.05,90.53,57.0
2010-12-17,16.11,1.97,3.33,4.41,0.18,11579.0,80.373,1375.405,91.75,57.0
2010-12-24,16.47,2.09,3.41,4.47,0.18,11579.0,80.496,1384.75,93.46,57.0
2010-12-31,17.75,2.01,3.3,4.34,0.18,11579.0,79.028,1421.45,94.59,57.0
2011-01-07,17.14,1.96,3.34,4.48,0.17,11606.0,81.012,1369.6,93.72,60.8
2011-01-14,15.46,1.95,3.35,4.53,0.17,11606.0,79.162,1361.85,98.65,60.8
2011-01-21,18.47,2.04,3.44,4.57,0.17,11606.0,78.213,1342.505,97.59,60.8
2011-01-28,20.04,1.92,3.36,4.53,0.17,11606.0,78.133,1335.345,99.33,60.8
2011-02-04,15.93,2.27,3.68,4.73,0.16,11637.0,78.044,1349.25,100.1,61.4
2011-02-11,15.69,2.38,3.64,4.71,0.16,11637.0,78.46,1356.1,101.55,61.4
2011-02-18,16.43,2.3,3.59,4.7,0.16,11637.0,77.664,1387.3,102.82,61.4
2011-02-25,19.22,2.16,3.42,4.51,0.16,11637.0,77.275,1409.25,112.43,61.4
2011-03-04,19.06,2.17,3.49,4.6,0.14,11659.0,76.4,1429.295,115.99,61.2
2011-03-11,20.08,2.06,3.4,4.54,0.14,11659.0,76.776,1417.4,113.44,61.2
2011-03-18,24.44,1.96,3.28,4.43,0.14,11659.0,75.718,1419.55,114.49,61.2
2011-03-25,17.91,2.2,3.46,4.51,0.14,11659.0,76.217,1429.65,116.02,61.2
2011-04-01,17.4,2.24,3.46,4.48,0.1,11689.0,75.833,1428.38,119.1,60.4
2011-04-08,17.87,2.31,3.59,4.63,0.1,11689.0,75.066,1475.1,126.9,60.4
2011-04-15,15.32,2.14,3.43,4.47,0.1,11689.0,74.832,1486.5,123.73,60.4
2011-04-22,14.69,2.14,3.42,4.47,0.1,11689.0,73.995,1508.13,124.04,60.4
2011-04-29,14.75,1.97,3.32,4.4,0.1,11689.0,72.933,1565.6,126.03,60.4
2011-05-06,18.4,1.87,3.19,4.29,0.09,11697.0,74.841,1495.25,109.24,53.5
2011-05-13,17.07,1.86,3.18,4.32,0.09,11697.0,75.757,1494.555,113.84,53.5
2011-05-20,17.43,1.82,3.15,4.3,0.09,11697.0,75.435,1513.55,112.42,53.5
2011-05-27,15.98,1.71,3.07,4.24,0.09,11697.0,74.954,1536.65,115.0,53.5
2011-06-03,17.95,1.6,2.99,4.22,0.09,11710.0,73.783,1542.5,116.05,55.3
2011-06-10,18.86,1.58,2.99,4.18,0.09,11710.0,74.795,1531.9,118.59,55.3
2011-06-17,21.85,1.53,2.94,4.19,0.09,11710.0,74.988,1539.5,113.2,55.3
2011-06-24,21.1,1.4,2.88,4.17,0.09,11710.0,75.665,1502.15,105.67,55.3
2011-07-01,15.87,1.8,3.22,4.4,0.07,11729.0,74.349,1486.5,111.24,50.9
2011-07-08,15.95,1.57,3.03,4.27,0.07,11729.0,75.179,1543.95,118.3,50.9
2011-07-15,19.53,1.46,2.94,4.26,0.07,11729.0,75.126,1594.1,117.66,50.9
2011-07-22,17.52,1.53,2.99,4.26,0.07,11729.0,74.201,1599.25,118.51,50.9
2011-07-29,25.25,1.35,2.82,4.12,0.07,11729.0,73.897,1626.64,116.85,50.9
2011-08-05,32.0,1.23,2.58,3.82,0.1,11748.0,74.598,1665.0,109.85,50.6
2011-08-12,36.36,0.96,2.24,3.72,0.1,11748.0,74.607,1746.6,107.8,50.6
2011-08-19,43.05,0.9,2.07,3.39,0.1,11748.0,74.009,1852.45,109.22,50.6
2011-08-26,35.59,0.94,2.19,3.54,0.1,11748.0,73.814,1828.55,111.25,50.6
2011-09-02,33.92,0.88,2.02,3.32,0.08,11752.0,74.756,1884.2,112.52,51.6
2011-09-09,38.52,0.81,1.93,3.26,0.08,11752.0,77.192,1857.81,112.53,51.6
2011-09-16,30.98,0.94,2.08,3.34,0.08,11752.0,76.599,1811.95,111.9,51.6
2011-09-23,41.25,0.89,1.84,2.89,0.08,11752.0,78.501,1656.585,104.36,51.6
2011-09-30,42.96,0.96,1.92,2.9,0.08,11752.0,78.553,1623.75,102.15,51.6
2011-10-07,36.2,1.08,2.1,3.02,0.07,11762.0,78.726,1639.45,105.91,50.8
2011-10-14,28.24,1.12,2.26,3.22,0.07,11762.0,76.623,1679.95,114.69,50.8
2011-10-21,31.32,1.08,2.23,3.26,0.07,11762.0,76.395,1641.02,109.79,50.8
2011-10-28,24.53,1.13,2.34,3.36,0.07,11762.0,75.067,1742.95,110.16,50.8
2011-11-04,30.16,0.88,2.06,3.09,0.08,11753.0,76.962,1754.15,112.48,52.7
2011-11-11,30.04,0.9,2.04,3.12,0.08,11753.0,76.945,1788.995,114.19,52.7
2011-11-18,32.0,0.94,2.01,2.99,0.08,11753.0,78.064,1723.05,107.81,52.7
2011-11-25,34.47,0.93,1.97,2.92,0.08,11753.0,79.686,1680.13,106.64,52.7
2011-12-02,27.52,0.92,2.05,3.03,0.07,11783.0,78.625,1745.25,110.3,53.9
2011-12-09,26.38,0.89,2.07,3.1,0.07,11783.0,78.632,1711.095,108.99,53.9
2011-12-16,24.29,0.81,1.86,2.86,0.07,11783.0,80.256,1597.945,103.65,53.9
2011-12-23,20.73,0.97,2.03,3.05,0.07,11783.0,79.93,1606.6,108.0,53.9
2011-12-30,23.4,0.83,1.89,2.89,0.07,11783.0,80.178,1564.3,107.22,53.9
2012-01-06,20.63,0.86,1.98,3.02,0.08,11820.0,81.254,1616.845,113.4,54.1
2012-01-13,20.91,0.8,1.89,2.91,0.08,11820.0,81.515,1639.35,111.04,54.1
2012-01-20,18.28,0.91,2.05,3.1,0.08,11820.0,80.223,1666.9,110.23,54.1
2012-01-27,18.53,0.75,1.93,3.07,0.08,11820.0,78.902,1738.895,111.32,54.1
2012-02-03,17.1,0.78,1.97,3.13,0.1,11841.0,78.924,1725.3,114.71,52.4
2012-02-10,20.79,0.81,1.96,3.11,0.1,11841.0,79.114,1719.845,117.61,52.4
2012-02-17,17.78,0.88,2.01,3.16,0.1,11841.0,79.331,1722.445,119.95,52.4
2012-02-24,17.31,0.89,1.98,3.1,0.1,11841.0,78.352,1773.495,125.07,52.4
2012-03-02,17.29,0.84,1.99,3.11,0.13,11880.0,79.403,1712.295,123.32,53.4
2012-03-09,17.11,0.9,2.04,3.19,0.13,11880.0,80.041,1713.095,125.71,53.4
2012-03-16,14.47,1.13,2.31,3.41,0.13,11880.0,79.786,1660.65,126.16,53.4
2012-03-23,14.82,1.1,2.25,3.31,0.13,11880.0,79.345,1662.265,125.21,53.4
2012-03-30,15.5,1.04,2.23,3.35,0.13,11880.0,79.004,1668.9,122.8,53.4
2012-04-06,16.7,0.89,2.07,3.21,0.14,11897.0,79.886,1639.495,123.29,54.8
2012-04-13,19.55,0.86,2.02,3.14,0.14,11897.0,79.888,1659.0,121.81,54.8
2012-04-20,17.44,0.86,1.99,3.12,0.14,11897.0,79.194,1642.7,118.85,54.8
2012-04-27,16.32,0.82,1.96,3.12,0.14,11897.0,78.709,1662.05,119.75,54.8
2012-05-04,19.16,0.78,1.91,3.07,0.16,11908.0,79.498,1642.83,113.2,53.5
2012-05-11,19.89,0.75,1.84,3.02,0.16,11908.0,80.264,1580.05,112.03,53.5
2012-05-18,25.1,0.75,1.71,2.8,0.16,11908.0,81.292,1593.085,107.31,53.5
2012-05-25,21.76,0.76,1.75,2.85,0.16,11908.0,82.402,1573.45,106.9,53.5
2012-06-01,26.66,0.62,1.47,2.53,0.16,11918.0,82.89,1626.25,98.82,49.7
2012-06-08,21.23,0.71,1.65,2.77,0.16,11918.0,82.511,1594.45,99.76,49.7
2012-06-15,21.11,0.68,1.6,2.7,0.16,11918.0,81.628,1626.76,97.31,49.7
2012-06-22,18.11,0.76,1.69,2.75,0.16,11918.0,82.256,1572.15,91.33,49.7
2012-06-29,17.08,0.72,1.67,2.76,0.16,11918.0,81.627,1598.6,97.57,49.7
2012-07-06,17.1,0.64,1.57,2.66,0.16,11944.0,83.377,1582.9,98.15,49.8
2012-07-13,16.74,0.63,1.52,2.58,0.16,11944.0,83.349,1589.05,102.85,49.8
2012-07-20,16.27,0.59,1.49,2.55,0.16,11944.0,83.478,1583.63,106.74,49.8
2012-07-27,16.7,0.65,1.58,2.63,0.16,11944.0,82.709,1624.05,106.65,49.8
2012-08-03,15.64,0.67,1.6,2.65,0.13,11940.0,82.375,1603.2,108.71,49.6
2012-08-10,14.74,0.71,1.65,2.74,0.13,11940.0,82.553,1620.35,113.54,49.6
2012-08-17,13.45,0.81,1.81,2.93,0.13,11940.0,82.596,1616.2,113.76,49.6
2012-08-24,15.18,0.72,1.68,2.79,0.13,11940.0,81.593,1670.35,113.51,49.6
2012-08-31,17.47,0.59,1.57,2.68,0.13,11940.0,81.208,1691.15,114.92,49.6
2012-09-07,14.38,0.64,1.67,2.81,0.14,11934.0,80.252,1736.5,114.6,51.5
2012-09-14,14.51,0.72,1.88,3.09,0.14,11934.0,78.847,1771.62,116.92,51.5
2012-09-21,13.98,0.68,1.77,2.95,0.14,11934.0,79.328,1773.05,111.42,51.5
2012-09-28,15.73,0.62,1.65,2.82,0.14,11934.0,79.935,1771.625,112.22,51.5
2012-10-05,14.33,0.67,1.75,2.96,0.16,11941.0,79.337,1781.5,112.04,51.7
2012-10-12,16.14,0.67,1.69,2.83,0.16,11941.0,79.667,1754.25,114.4,51.7
2012-10-19,17.06,0.77,1.79,2.94,0.16,11941.0,79.621,1720.2,110.32,51.7
2012-10-26,17.81,0.76,1.78,2.92,0.16,11941.0,80.068,1711.35,109.7,51.7
2012-11-02,17.59,0.73,1.75,2.91,0.16,11930.0,80.593,1678.305,105.5,49.5
2012-11-09,18.61,0.65,1.61,2.75,0.16,11930.0,81.026,1731.745,109.78,49.5
2012-11-16,16.41,0.62,1.58,2.73,0.16,11930.0,81.257,1713.35,109.02,49.5
2012-11-23,15.14,0.7,1.7,2.83,0.16,11930.0,80.192,1753.0,111.39,49.5
2012-11-30,15.87,0.61,1.62,2.81,0.16,11930.0,80.153,1715.8,111.19,49.5
2012-12-07,15.9,0.63,1.64,2.81,0.16,11939.0,80.41,1704.75,107.2,50.7
2012-12-14,17.0,0.7,1.72,2.87,0.16,11939.0,79.58,1695.445,109.2,50.7
2012-12-21,17.84,0.75,1.77,2.93,0.16,11939.0,79.617,1656.85,109.15,50.7
2012-12-28,22.72,0.72,1.73,2.88,0.16,11939.0,79.678,1655.7,110.35,50.7
2013-01-04,13.83,0.82,1.93,3.1,0.14,11962.0,80.499,1657.25,111.4,53.1
2013-01-11,13.36,0.78,1.89,3.05,0.14,11962.0,79.563,1662.85,110.64,53.1
2013-01-18,12.46,0.77,1.87,3.03,0.14,11962.0,80.036,1684.545,111.67,53.1
2013-01-25,12.89,0.87,1.98,3.14,0.14,11962.0,79.748,1659.0,113.4,53.1
2013-02-01,12.9,0.88,2.04,3.21,0.15,11974.0,79.206,1667.395,116.65,54.2
2013-02-08,13.02,0.84,1.99,3.17,0.15,11974.0,80.213,1668.1,118.89,54.2
2013-02-15,12.46,0.87,2.01,3.18,0.15,11974.0,80.58,1609.2,117.97,54.2
2013-02-22,14.17,0.84,1.97,3.15,0.15,11974.0,81.46,1580.005,114.3,54.2
2013-03-01,15.36,0.75,1.86,3.06,0.14,11977.0,82.276,1575.9,110.51,51.3
2013-03-08,12.59,0.9,2.06,3.25,0.14,11977.0,82.715,1577.9,110.88,51.3
2013-03-15,11.3,0.84,2.01,3.22,0.14,11977.0,82.13,1592.45,110.05,51.3
2013-03-22,13.57,0.8,1.93,3.13,0.14,11977.0,82.529,1608.45,107.5,51.3
2013-03-29,12.7,0.77,1.87,3.1,0.14,11977.0,83.221,1596.74,109.94,51.3
2013-04-05,13.92,0.68,1.72,2.87,0.15,11978.0,82.496,1581.98,104.05,50.7
2013-04-12,12.06,0.7,1.75,2.92,0.15,11978.0,82.127,1478.85,102.8,50.7
2013-04-19,14.97,0.72,1.73,2.88,0.15,11978.0,82.714,1404.35,99.53,50.7
2013-04-26,13.61,0.68,1.7,2.87,0.15,11978.0,82.469,1463.0,102.85,50.7
2013-05-03,12.85,0.73,1.78,2.96,0.11,11978.0,82.099,1470.75,104.17,49.0
2013-05-10,12.59,0.82,1.9,3.1,0.11,11978.0,83.143,1448.0,103.68,49.0
2013-05-17,12.45,0.84,1.95,3.17,0.11,11978.0,84.252,1360.15,104.72,49.0
2013-05-24,13.99,0.9,2.01,3.18,0.11,11978.0,83.7,1386.05,102.78,49.0
2013-05-31,16.3,1.05,2.16,3.3,0.11,11978.0,83.261,1386.9,100.15,49.0
2013-06-07,15.14,1.1,2.17,3.33,0.09,11982.0,81.669,1384.465,104.8,50.9
2013-06-14,17.15,1.04,2.14,3.28,0.09,11982.0,80.618,1390.7,105.84,50.9
2013-06-21,18.9,1.42,2.52,3.56,0.09,11982.0,82.41,1297.25,101.09,50.9
2013-06-28,16.86,1.41,2.52,3.52,0.09,11982.0,83.136,1234.25,101.99,50.9
2013-07-05,14.89,1.6,2.73,3.68,0.09,11962.0,84.444,1223.805,107.7,55.4
2013-07-12,13.84,1.43,2.61,3.64,0.09,11962.0,82.988,1284.9,109.04,55.4
2013-07-19,12.54,1.31,2.5,3.56,0.09,11962.0,82.623,1296.35,108.3,55.4
2013-07-26,12.72,1.36,2.58,3.61,0.09,11962.0,81.656,1333.9,107.19,55.4
2013-08-02,11.98,1.36,2.63,3.69,0.08,11992.0,81.908,1312.0,108.91,55.7
2013-08-09,13.41,1.36,2.57,3.63,0.08,11992.0,81.126,1314.5,108.25,55.7
2013-08-16,14.37,1.6,2.84,3.86,0.08,11992.0,81.257,1376.4,110.42,55.7
2013-08-23,13.98,1.66,2.82,3.8,0.08,11992.0,81.361,1397.25,111.05,55.7
2013-08-30,17.01,1.62,2.78,3.7,0.08,11992.0,82.087,1396.4,114.45,55.7
2013-09-06,15.85,1.77,2.94,3.87,0.08,12010.0,82.15,1391.605,115.83,56.2
2013-09-13,14.16,1.71,2.9,3.84,0.08,12010.0,81.452,1326.725,112.75,56.2
2013-09-20,13.12,1.5,2.75,3.77,0.08,12010.0,80.431,1325.385,109.35,56.2
2013-09-27,15.46,1.4,2.64,3.68,0.08,12010.0,80.287,1336.205,108.43,56.2
2013-10-04,16.74,1.41,2.66,3.73,0.09,12033.0,80.131,1311.35,109.5,56.4
2013-10-11,15.72,1.42,2.7,3.74,0.09,12033.0,80.412,1273.11,111.03,56.4
2013-10-18,13.04,1.35,2.6,3.65,0.09,12033.0,79.654,1316.245,109.94,56.4
2013-10-25,13.09,1.3,2.53,3.6,0.09,12033.0,79.194,1352.135,107.06,56.4
2013-11-01,13.28,1.37,2.65,3.69,0.08,12054.0,80.722,1315.35,105.91,57.3
2013-11-08,12.9,1.42,2.77,3.84,0.08,12054.0,81.303,1289.0,105.14,57.3
2013-11-15,12.19,1.36,2.71,3.8,0.08,12054.0,80.849,1288.4,108.5,57.3
2013-11-22,12.26,1.37,2.75,3.84,0.08,12054.0,80.708,1243.6,110.49,57.3
2013-11-29,13.7,1.37,2.75,3.82,0.08,12054.0,80.68,1253.495,110.11,57.3
2013-12-06,13.79,1.51,2.88,3.9,0.09,12060.0,80.315,1228.85,111.75,57.0
2013-12-13,15.76,1.55,2.88,3.88,0.09,12060.0,80.214,1238.3,108.83,57.0
2013-12-20,13.79,1.66,2.89,3.82,0.09,12060.0,80.575,1203.25,111.84,57.0
2013-12-27,12.46,1.74,3.02,3.94,0.09,12060.0,80.392,1214.3,112.11,57.0
2014-01-03,13.76,1.73,3.01,3.93,0.07,12058.0,80.791,1236.55,107.03,51.3
2014-01-10,12.14,1.64,2.88,3.8,0.07,12058.0,80.658,1247.1,107.49,51.3
2014-01-17,12.44,1.64,2.84,3.75,0.07,12058.0,81.225,1253.82,106.32,51.3
2014-01-24,18.14,1.58,2.75,3.64,0.07,12058.0,80.458,1267.82,107.89,51.3
2014-01-31,18.41,1.49,2.67,3.61,0.07,12058.0,81.311,1243.8,106.4,51.3
2014-02-07,15.29,1.47,2.71,3.67,0.07,12084.0,80.691,1267.06,109.63,53.2
2014-02-14,13.57,1.53,2.75,3.69,0.07,12084.0,80.149,1318.94,109.07,53.2
2014-02-21,14.68,1.56,2.73,3.69,0.07,12084.0,80.237,1323.4,109.84,53.2
2014-02-28,14.0,1.51,2.66,3.59,0.07,12084.0,79.691,1326.4,109.15,53.2
2014-03-07,14.11,1.65,2.8,3.72,0.08,12096.0,79.719,1340.25,108.75,53.7
2014-03-14,17.82,1.55,2.65,3.59,0.08,12096.0,79.446,1382.24,108.54,53.7
2014-03-21,15.0,1.73,2.75,3.61,0.08,12096.0,80.105,1334.55,107.2,53.7
2014-03-28,14.41,1.74,2.73,3.55,0.08,12096.0,80.176,1294.0,107.97,53.7
2014-04-04,13.96,1.71,2.74,3.59,0.09,12109.0,80.423,1302.71,106.65,54.9
2014-04-11,17.03,1.58,2.63,3.48,0.09,12109.0,79.452,1318.5,107.08,54.9
2014-04-18,13.36,1.75,2.73,3.52,0.09,12109.0,79.828,1293.78,109.76,54.9
2014-04-25,14.06,1.72,2.68,3.45,0.09,12109.0,79.749,1303.45,109.39,54.9
2014-05-02,12.91,1.67,2.6,3.37,0.09,12120.0,79.516,1300.32,108.9,52.3
2014-05-09,12.92,1.63,2.62,3.47,0.09,12120.0,79.903,1289.33,107.97,52.3
2014-05-16,12.44,1.56,2.52,3.34,0.09,12120.0,80.043,1293.7,109.68,52.3
2014-05-23,11.36,1.55,2.54,3.4,0.09,12120.0,80.393,1293.11,110.44,52.3
2014-05-30,11.4,1.54,2.48,3.33,0.09,12120.0,80.369,1251.0,109.49,52.3
2014-06-06,10.73,1.66,2.6,3.44,0.1,12146.0,80.409,1252.73,108.85,55.3
2014-06-13,12.18,1.7,2.6,3.41,0.1,12146.0,80.576,1276.95,113.5,55.3
2014-06-20,10.85,1.71,2.63,3.44,0.1,12146.0,80.372,1314.82,114.68,55.3
2014-06-27,11.26,1.64,2.54,3.36,0.1,12146.0,80.017,1315.35,113.18,55.3
2014-07-04,10.32,1.74,2.65,3.47,0.09,12165.0,80.269,1320.55,110.58,57.1
2014-07-11,12.08,1.65,2.53,3.34,0.09,12165.0,80.187,1338.15,106.53,57.1
2014-07-18,12.06,1.69,2.5,3.29,0.09,12165.0,80.524,1310.9,107.14,57.1
2014-07-25,12.69,1.69,2.48,3.24,0.09,12165.0,81.029,1308.05,108.13,57.1
2014-08-01,17.03,1.67,2.52,3.29,0.09,12182.0,81.302,1294.1,104.69,59.0
2014-08-08,15.77,1.62,2.44,3.23,0.09,12182.0,81.454,1309.6,104.67,59.0
2014-08-15,13.15,1.55,2.34,3.13,0.09,12182.0,81.424,1304.6,103.4,59.0
2014-08-22,11.47,1.68,2.4,3.16,0.09,12182.0,82.336,1281.23,102.1,59.0
2014-08-29,11.98,1.63,2.35,3.09,0.09,12182.0,82.748,1287.57,103.04,59.0
2014-09-05,12.09,1.69,2.46,3.23,0.09,12201.0,83.739,1268.85,100.97,56.6
2014-09-12,13.31,1.83,2.62,3.35,0.09,12201.0,84.24,1228.63,96.91,56.6
2014-09-19,12.11,1.83,2.59,3.29,0.09,12201.0,84.735,1216.45,98.38,56.6
2014-09-26,14.85,1.8,2.54,3.22,0.09,12201.0,85.64,1219.51,96.9,56.6
2014-10-03,14.55,1.73,2.45,3.13,0.09,12233.0,86.694,1191.2,92.25,59.0
2014-10-10,21.24,1.55,2.31,3.03,0.09,12233.0,85.912,1223.48,89.89,59.0
2014-10-17,21.99,1.44,2.22,2.98,0.09,12233.0,85.11,1238.19,86.1,59.0
2014-10-24,16.11,1.52,2.29,3.05,0.09,12233.0,85.732,1231.46,86.25,59.0
2014-10-31,14.03,1.62,2.35,3.07,0.09,12233.0,86.917,1174.42,85.93,59.0
2014-11-07,13.12,1.6,2.32,3.04,0.09,12260.0,87.642,1176.65,83.14,58.7
2014-11-14,13.31,1.62,2.32,3.04,0.09,12260.0,87.525,1188.25,79.55,58.7
2014-11-21,12.9,1.63,2.31,3.02,0.09,12260.0,88.31,1201.4,80.36,58.7
2014-11-28,13.33,1.49,2.18,2.89,0.09,12260.0,88.356,1167.35,70.02,58.7
2014-12-05,11.82,1.69,2.31,2.97,0.12,12266.0,89.334,1192.05,68.94,55.5
2014-12-12,21.08,1.53,2.1,2.75,0.12,12266.0,88.363,1222.6,61.65,55.5
2014-12-19,16.49,1.66,2.17,2.77,0.12,12266.0,89.598,1195.95,62.15,55.5
2014-12-26,14.5,1.75,2.25,2.81,0.12,12266.0,90.03,1195.4,59.52,55.5
2015-01-02,17.79,1.61,2.12,2.69,0.11,12265.0,91.08,1189.18,56.51,53.5
2015-01-09,17.55,1.45,1.98,2.55,0.11,12265.0,91.935,1223.4,49.95,53.5
2015-01-16,20.95,1.29,1.83,2.44,0.11,12265.0,92.52,1280.3,49.9,53.5
2015-01-23,16.66,1.33,1.81,2.38,0.11,12265.0,94.762,1294.55,48.55,53.5
2015-01-30,20.97,1.18,1.68,2.25,0.11,12265.0,94.804,1283.55,52.95,53.5
2015-02-06,17.29,1.48,1.95,2.51,0.11,12275.0,95.854,1233.72,58.16,52.9
2015-02-13,14.69,1.53,2.02,2.63,0.11,12275.0,94.201,1229.7,61.48,52.9
2015-02-20,14.3,1.61,2.13,2.73,0.11,12275.0,94.34,1202.4,60.34,52.9
2015-02-27,13.34,1.5,2.0,2.6,0.11,12275.0,95.321,1213.15,62.33,52.9
2015-03-06,15.2,1.7,2.24,2.83,0.11,12286.0,97.615,1167.21,59.77,51.5
2015-03-13,16.0,1.6,2.13,2.7,0.11,12286.0,100.33,1159.48,54.6,51.5
2015-03-20,13.02,1.42,1.93,2.5,0.11,12286.0,97.909,1182.68,55.22,51.5
2015-03-27,15.07,1.42,1.95,2.53,0.11,12286.0,97.291,1199.3,56.12,51.5
2015-04-03,14.67,1.26,1.85,2.49,0.12,12291.0,96.545,1210.9,55.13,51.5
2015-04-10,12.58,1.41,1.96,2.58,0.12,12291.0,99.338,1208.05,58.04,51.5
2015-04-17,13.89,1.31,1.87,2.51,0.12,12291.0,97.52,1204.65,63.72,51.5
2015-04-24,12.29,1.34,1.93,2.62,0.12,12291.0,96.922,1179.38,65.49,51.5
2015-05-01,12.7,1.5,2.12,2.82,0.12,12306.0,95.297,1178.5,66.51,52.8
2015-05-08,12.86,1.5,2.16,2.9,0.12,12306.0,94.794,1188.15,65.59,52.8
2015-05-15,12.38,1.46,2.14,2.93,0.12,12306.0,93.135,1223.85,66.86,52.8
2015-05-22,12.13,1.57,2.21,2.99,0.12,12306.0,96.11,1206.38,65.57,52.8
2015-05-29,13.84,1.49,2.12,2.88,0.12,12306.0,96.907,1190.5,65.45,52.8
2015-06-05,14.21,1.75,2.41,3.11,0.13,12307.0,96.306,1172.0,63.23,53.5
2015-06-12,13.78,1.75,2.39,3.1,0.13,12307.0,94.972,1180.8,63.78,53.5
2015-06-19,13.96,1.59,2.26,3.05,0.13,12307.0,94.085,1200.51,62.75,53.5
2015-06-26,14.02,1.75,2.49,3.25,0.13,12307.0,95.472,1175.0725,63.05,53.5
2015-07-03,16.79,1.64,2.4,3.19,0.13,12323.0,96.113,1167.94,60.55,52.7
2015-07-10,16.83,1.68,2.42,3.2,0.13,12323.0,96.025,1163.96,58.72,52.7
2015-07-17,11.95,1.67,2.34,3.08,0.13,12323.0,97.862,1134.1,57.01,52.7
2015-07-24,13.74,1.64,2.27,2.96,0.13,12323.0,97.244,1099.1,54.56,52.7
2015-07-31,12.12,1.54,2.2,2.92,0.13,12323.0,97.336,1095.65,51.85,52.7
2015-08-07,13.39,1.59,2.18,2.83,0.14,12318.0,97.563,1094.2,48.49,51.1
2015-08-14,12.83,1.61,2.2,2.84,0.14,12318.0,96.52,1114.105,49.0,51.1
2015-08-21,28.03,1.44,2.05,2.74,0.14,12318.0,95.008,1161.05,45.43,51.1
2015-08-28,26.05,1.52,2.19,2.92,0.14,12318.0,96.106,1133.96,49.93,51.1
2015-09-04,27.8,1.47,2.13,2.89,0.14,12326.0,96.229,1123.0,49.29,50.2
2015-09-11,23.2,1.52,2.2,2.95,0.14,12326.0,95.194,1107.9,48.18,50.2
2015-09-18,22.28,1.45,2.13,2.93,0.14,12326.0,94.863,1139.4,47.78,50.2
2015-09-25,23.62,1.48,2.17,2.96,0.14,12326.0,96.269,1146.245,48.34,50.2
2015-10-02,20.94,1.29,1.99,2.82,0.12,12334.0,95.83,1138.14,48.22,50.1
2015-10-09,17.08,1.41,2.12,2.94,0.12,12334.0,94.813,1157.53,52.43,50.1
2015-10-16,15.05,1.36,2.04,2.87,0.12,12334.0,94.54,1177.2,50.5,50.1
2015-10-23,14.46,1.43,2.09,2.9,0.12,12334.0,97.127,1164.255,48.08,50.1
2015-10-30,15.07,1.52,2.16,2.93,0.12,12334.0,96.946,1142.375,49.5,50.1
2015-11-06,14.33,1.73,2.34,3.09,0.12,12329.0,99.168,1088.645,47.66,48.6
2015-11-13,20.08,1.67,2.28,3.06,0.12,12329.0,98.998,1083.645,43.6,48.6
2015-11-20,15.47,1.7,2.26,3.02,0.12,12329.0,99.565,1078.095,44.48,48.6
2015-11-27,15.12,1.64,2.22,3.0,0.12,12329.0,100.02,1058.81,44.87,48.6
2015-12-04,14.81,1.71,2.28,3.01,0.24,12333.0,98.354,1086.995,43.22,48.2
2015-12-11,24.39,1.56,2.13,2.87,0.24,12333.0,97.565,1074.895,37.98,48.2
2015-12-18,20.7,1.67,2.19,2.9,0.24,12333.0,98.703,1066.195,36.55,48.2
2015-12-25,15.74,1.73,2.25,2.96,0.24,12333.0,97.984,1075.875,37.93,48.2
2016-01-01,18.21,1.76,2.27,3.01,0.34,12354.0,98.631,1060.74,37.6,48.2
2016-01-08,27.01,1.57,2.13,2.91,0.34,12354.0,98.54,1104.24,33.26,48.2
2016-01-15,27.02,1.46,2.03,2.81,0.34,12354.0,98.956,1089.095,29.11,48.2
2016-01-22,22.34,1.49,2.07,2.83,0.34,12354.0,99.574,1098.295,32.08,48.2
2016-01-29,20.2,1.33,1.94,2.75,0.34,12354.0,99.606,1118.04,34.73,48.2
2016-02-05,23.38,1.25,1.86,2.68,0.38,12337.0,97.031,1173.69,34.13,49.5
2016-02-12,25.4,1.2,1.74,2.6,0.38,12337.0,95.94,1238.045,32.65,49.5
2016-02-19,20.53,1.24,1.76,2.61,0.38,12337.0,96.6,1228.195,33.12,49.5
2016-02-26,19.81,1.23,1.76,2.63,0.38,12337.0,98.148,1222.595,35.13,49.5
2016-03-04,16.86,1.38,1.88,2.7,0.36,12313.0,97.34,1259.445,38.93,51.8
2016-03-11,16.5,1.49,1.98,2.75,0.36,12313.0,96.172,1248.445,40.38,51.8
2016-03-18,14.02,1.34,1.88,2.68,0.36,12313.0,95.086,1255.295,41.46,51.8
2016-03-25,14.74,1.39,1.91,2.67,0.36,12313.0,96.142,1216.475,40.45,51.8
2016-04-01,13.1,1.24,1.79,2.62,0.37,12325.0,94.619,1222.495,38.75,50.8
2016-04-08,15.36,1.16,1.72,2.55,0.37,12325.0,94.235,1240.395,41.89,50.8
2016-04-15,13.62,1.22,1.76,2.56,0.37,12325.0,94.696,1234.045,42.85,50.8
2016-04-22,13.22,1.37,1.89,2.7,0.37,12325.0,95.116,1232.295,45.16,50.8
2016-04-29,15.7,1.28,1.83,2.66,0.37,12325.0,93.082,1293.745,48.14,50.8
2016-05-06,14.72,1.23,1.79,2.62,0.37,12303.0,93.888,1288.7,45.28,51.3
2016-05-13,15.04,1.22,1.71,2.55,0.37,12303.0,94.608,1273.6,47.85,51.3
2016-05-20,15.2,1.38,1.85,2.63,0.37,12303.0,95.334,1252.295,48.74,51.3
2016-05-27,13.12,1.39,1.85,2.65,0.37,12303.0,95.521,1212.4,49.46,51.3
2016-06-03,13.47,1.23,1.71,2.52,0.38,12321.0,94.029,1244.495,49.84,53.2
2016-06-10,17.03,1.17,1.64,2.44,0.38,12321.0,94.571,1274.2,50.48,53.2
2016-06-17,19.41,1.13,1.62,2.43,0.38,12321.0,94.206,1298.595,49.25,53.2
2016-06-24,25.76,1.08,1.57,2.42,0.38,12321.0,95.448,1315.98,48.41,53.2
2016-07-01,14.77,1.0,1.46,2.24,0.39,12342.0,95.649,1342.295,50.55,52.6
2016-07-08,13.2,0.95,1.37,2.11,0.39,12342.0,96.302,1366.8,46.44,52.6
2016-07-15,12.67,1.15,1.6,2.3,0.39,12342.0,96.58,1337.85,48.09,52.6
2016-07-22,12.02,1.13,1.57,2.29,0.39,12342.0,97.467,1322.385,45.74,52.6
2016-07-29,11.87,1.03,1.46,2.18,0.39,12342.0,95.531,1350.91,42.49,52.6
2016-08-05,11.39,1.13,1.59,2.32,0.4,12319.0,96.194,1335.795,44.42,49.4
2016-08-12,11.55,1.1,1.51,2.23,0.4,12319.0,95.722,1336.19,47.08,49.4
2016-08-19,11.34,1.17,1.58,2.29,0.4,12319.0,94.511,1341.78,50.79,49.4
2016-08-26,13.65,1.23,1.62,2.29,0.4,12319.0,95.566,1321.3301,49.57,49.4
2016-09-02,11.98,1.2,1.6,2.28,0.4,12317.0,95.844,1325.01,46.68,51.5
2016-09-09,17.5,1.23,1.67,2.39,0.4,12317.0,95.336,1328.15,47.88,51.5
2016-09-16,15.37,1.21,1.7,2.44,0.4,12317.0,96.108,1310.4251,46.05,51.5
2016-09-23,12.29,1.16,1.62,2.34,0.4,12317.0,95.477,1337.605,46.07,51.5
2016-09-30,13.29,1.14,1.6,2.32,0.4,12317.0,95.463,1315.96,49.05,51.5
2016-10-07,13.48,1.26,1.73,2.46,0.4,12316.0,96.632,1256.965,51.69,51.9
2016-10-14,16.12,1.28,1.8,2.55,0.4,12316.0,98.019,1250.55,52.0,51.9
2016-10-21,13.34,1.25,1.74,2.48,0.4,12316.0,98.695,1266.75,51.92,51.9
2016-10-28,16.19,1.33,1.86,2.62,0.4,12316.0,98.348,1276.295,49.6,51.9
2016-11-04,22.51,1.24,1.79,2.56,0.41,12311.0,97.065,1304.25,45.6,53.2
2016-11-11,14.17,1.56,2.15,2.94,0.41,12311.0,99.06,1225.68,44.52,53.2
2016-11-18,12.85,1.8,2.34,3.01,0.41,12311.0,101.21,1208.695,46.89,53.2
2016-11-25,12.34,1.83,2.36,3.01,0.41,12311.0,101.49,1183.63,47.12,53.2
2016-12-02,14.12,1.84,2.4,3.08,0.54,12324.0,100.77,1176.92,54.49,54.7
2016-12-09,11.75,1.89,2.47,3.16,0.54,12324.0,101.59,1157.87,54.36,54.7
2016-12-16,12.2,2.07,2.6,3.19,0.54,12324.0,102.95,1134.0851,55.33,54.7
2016-12-23,11.44,2.04,2.55,3.12,0.54,12324.0,103.01,1133.495,55.08,54.7
2016-12-30,14.04,1.93,2.45,3.06,0.54,12324.0,102.21,1151.845,56.75,54.7
2017-01-06,11.32,1.92,2.42,3.0,0.65,12334.0,102.22,1172.81,56.75,56.0
2017-01-13,11.23,1.9,2.4,2.99,0.65,12334.0,101.18,1197.66,55.59,56.0
2017-01-20,11.54,1.95,2.48,3.05,0.65,12334.0,100.74,1209.96,55.49,56.0
2017-01-27,10.58,1.94,2.49,3.06,0.65,12334.0,100.53,1191.595,55.46,56.0
2017-02-03,10.97,1.93,2.49,3.11,0.66,12350.0,99.868,1219.88,56.72,57.7
2017-02-10,10.85,1.89,2.41,3.01,0.66,12350.0,100.8,1234.115,56.61,57.7
2017-02-17,11.49,1.92,2.42,3.03,0.66,12350.0,100.95,1235.29,55.72,57.7
2017-02-24,11.47,1.8,2.31,2.95,0.66,12350.0,101.09,1256.945,56.04,57.7
2017-03-03,10.96,2.02,2.49,3.08,0.79,12361.0,101.54,1234.3,55.71,57.2
2017-03-10,11.66,2.11,2.58,3.16,0.79,12361.0,101.25,1204.545,51.27,57.2
2017-03-17,11.28,2.03,2.5,3.11,0.79,12361.0,100.3,1229.15,51.67,57.2
2017-03-24,12.96,1.93,2.4,3.0,0.79,12361.0,99.627,1244.175,50.97,57.2
2017-03-31,12.37,1.93,2.4,3.02,0.79,12361.0,100.35,1249.13,52.74,57.2
2017-04-07,12.87,1.92,2.38,3.0,0.9,12367.0,101.18,1254.05,55.26,54.8
2017-04-14,15.96,1.77,2.24,2.89,0.9,12367.0,100.56,1285.69,55.64,54.8
2017-04-21,14.63,1.77,2.24,2.89,0.9,12367.0,99.977,1284.5,52.05,54.8
2017-04-28,10.82,1.81,2.29,2.96,0.9,12367.0,99.05,1268.15,51.71,54.8
2017-05-05,10.57,1.89,2.36,2.99,0.91,12377.0,98.648,1227.735,49.47,54.9
2017-05-12,10.4,1.85,2.33,2.98,0.91,12377.0,99.252,1228.83,50.91,54.9
2017-05-19,12.04,1.79,2.23,2.9,0.91,12377.0,97.142,1255.55,53.8,54.9
2017-05-26,9.81,1.79,2.25,2.92,0.91,12377.0,97.442,1267.045,52.23,54.9
2017-06-02,9.75,1.71,2.15,2.8,1.04,12390.0,96.715,1279.98,49.95,57.8
2017-06-09,10.7,1.77,2.21,2.86,1.04,12390.0,97.274,1266.4,48.3,57.8
2017-06-16,10.38,1.75,2.16,2.78,1.04,12390.0,97.164,1253.63,47.29,57.8
2017-06-23,10.02,1.77,2.15,2.71,1.04,12390.0,97.264,1256.9,45.61,57.8
2017-06-30,11.18,1.89,2.31,2.84,1.04,12390.0,95.628,1241.6,47.9,57.8
2017-07-07,11.19,1.95,2.39,2.93,1.15,12390.0,96.008,1212.9,46.88,56.3
2017-07-14,9.51,1.87,2.33,2.91,1.15,12390.0,95.153,1228.98,49.09,56.3
2017-07-21,9.36,1.81,2.24,2.81,1.15,12390.0,93.858,1254.9,47.93,56.3
2017-07-28,10.29,1.83,2.3,2.89,1.15,12390.0,93.259,1269.25,52.63,56.3
2017-08-04,10.03,1.82,2.27,2.84,1.16,12435.0,93.542,1258.6,52.46,58.8
2017-08-11,15.51,1.74,2.19,2.79,1.16,12435.0,93.069,1289.21,52.05,58.8
2017-08-18,14.26,1.77,2.19,2.78,1.16,12435.0,93.434,1284.5,52.86,58.8
2017-08-25,11.28,1.77,2.17,2.75,1.16,12435.0,92.74,1291.155,52.35,58.8
2017-09-01,10.13,1.73,2.16,2.77,1.15,12443.0,92.814,1324.97,52.69,60.8
2017-09-08,12.12,1.64,2.06,2.67,1.15,12443.0,91.352,1346.71,53.75,60.8
2017-09-15,10.17,1.81,2.2,2.77,1.15,12443.0,91.872,1319.625,55.48,60.8
2017-09-22,9.59,1.88,2.26,2.8,1.15,12443.0,92.171,1297.38,56.9,60.8
2017-09-29,9.51,1.92,2.33,2.86,1.15,12443.0,93.076,1279.45,57.51,60.8
2017-10-06,9.65,1.97,2.37,2.91,1.15,12457.0,93.8,1276.025,55.68,58.7
2017-10-13,9.61,1.91,2.28,2.81,1.15,12457.0,93.091,1304.875,57.2,58.7
2017-10-20,9.97,2.03,2.39,2.89,1.15,12457.0,93.701,1280.725,57.94,58.7
2017-10-27,9.8,2.03,2.42,2.93,1.15,12457.0,94.916,1273.35,60.5,58.7
2017-11-03,9.14,1.99,2.34,2.82,1.16,12472.0,94.941,1269.845,62.09,58.2
2017-11-10,11.29,2.06,2.4,2.88,1.16,12472.0,94.391,1276.11005,63.6,58.2
2017-11-17,11.43,2.06,2.35,2.78,1.16,12472.0,93.662,1294.37,62.72,58.2
2017-11-24,9.67,2.07,2.34,2.76,1.16,12472.0,92.782,1288.225,63.73,58.2
2017-12-01,11.43,2.13,2.37,2.76,1.3,12501.0,92.885,1280.265,63.7,59.7
2017-12-08,9.58,2.14,2.38,2.77,1.3,12501.0,93.901,1248.145,63.39,59.7
2017-12-15,9.42,2.16,2.35,2.68,1.3,12501.0,93.932,1255.2601,63.25,59.7
2017-12-22,9.9,2.26,2.48,2.83,1.3,12501.0,93.347,1275.005,65.04,59.7
2017-12-29,11.04,2.2,2.4,2.74,1.3,12501.0,92.124,1302.545,66.62,59.7
2018-01-05,9.22,2.29,2.47,2.81,1.41,12527.0,91.949,1320.21,67.79,59.1
2018-01-12,10.16,2.35,2.55,2.85,1.41,12527.0,90.974,1338.405,69.81,59.1
2018-01-19,11.27,2.45,2.64,2.91,1.41,12527.0,90.572,1331.795,68.65,59.1
2018-01-26,11.08,2.47,2.66,2.91,1.41,12527.0,89.067,1350.145,70.29,59.1
2018-02-02,17.31,2.58,2.84,3.08,1.42,12551.0,89.195,1332.98,68.23,60.8
2018-02-09,29.06,2.52,2.83,3.14,1.42,12551.0,90.442,1316.69,62.71,60.8
2018-02-16,19.46,2.63,2.87,3.13,1.42,12551.0,89.1,1347.86,64.9,60.8
2018-02-23,16.49,2.62,2.88,3.16,1.42,12551.0,89.883,1328.94,67.1,60.8
2018-03-02,19.59,2.63,2.86,3.14,1.51,12576.0,89.935,1322.205,64.56,59.3
2018-03-09,14.64,2.65,2.9,3.16,1.51,12576.0,90.093,1323.705,65.49,59.3
2018-03-16,15.8,2.65,2.85,3.08,1.51,12576.0,90.233,1314.0,65.99,59.3
2018-03-23,24.87,2.61,2.82,3.06,1.51,12576.0,89.484,1347.225,70.36,59.3
2018-03-30,19.97,2.56,2.74,2.97,1.51,12576.0,89.974,1325.0,70.22,59.3
2018-04-06,21.49,2.58,2.77,3.01,1.69,12595.0,90.108,1333.195,66.93,57.3
2018-04-13,17.41,2.67,2.82,3.03,1.69,12595.0,89.8,1345.46,72.62,57.3
2018-04-20,16.88,2.8,2.96,3.14,1.69,12595.0,90.316,1335.125,73.71,57.3
2018-04-27,15.41,2.8,2.96,3.13,1.69,12595.0,91.542,1322.795,74.44,57.3
2018-05-04,14.77,2.78,2.95,3.12,1.7,12623.0,92.566,1315.05,75.0,58.7
2018-05-11,12.65,2.84,2.97,3.1,1.7,12623.0,92.537,1318.2151,77.18,58.7
2018-05-18,13.42,2.9,3.06,3.2,1.7,12623.0,93.637,1292.5,78.71,58.7
2018-05-25,13.22,2.76,2.93,3.09,1.7,12623.0,94.188,1301.61,76.33,58.7
2018-06-01,13.46,2.74,2.89,3.04,1.82,12656.0,94.191,1293.145,76.71,60.2
2018-06-08,12.18,2.77,2.93,3.08,1.82,12656.0,93.551,1298.75,76.34,60.2
2018-06-15,11.98,2.81,2.93,3.05,1.82,12656.0,94.789,1279.8401,73.0,60.2
2018-06-22,13.77,2.77,2.9,3.04,1.82,12656.0,94.517,1269.28,75.53,60.2
2018-06-29,16.09,2.73,2.85,2.98,1.82,12656.0,94.636,1253.0,79.42,60.2
2018-07-06,13.37,2.71,2.82,2.94,1.91,12676.0,94.036,1254.985,77.29,58.1
2018-07-13,12.18,2.73,2.83,2.94,1.91,12676.0,94.752,1241.52,74.92,58.1
2018-07-20,12.86,2.77,2.89,3.03,1.91,12676.0,94.449,1231.765,73.0,58.1
2018-07-27,13.03,2.84,2.96,3.09,1.91,12676.0,94.675,1223.375,74.39,58.1
2018-08-03,11.64,2.82,2.95,3.09,1.91,12688.0,95.143,1213.43,73.42,61.3
2018-08-10,13.16,2.75,2.87,3.03,1.91,12688.0,96.357,1211.3,72.96,61.3
2018-08-17,12.64,2.75,2.87,3.03,1.91,12688.0,96.101,1184.77,71.86,61.3
2018-08-24,11.99,2.72,2.82,2.97,1.91,12688.0,95.146,1205.965,75.43,61.3
2018-08-31,12.86,2.74,2.86,3.02,1.91,12688.0,95.14,1201.09,77.45,61.3
2018-09-07,14.88,2.82,2.94,3.11,1.95,12710.0,95.365,1195.855,77.1,59.8
2018-09-14,12.07,2.9,2.99,3.13,1.95,12710.0,94.927,1193.71,78.1,59.8
2018-09-21,11.68,2.95,3.07,3.2,1.95,12710.0,94.22,1199.545,78.77,59.8
2018-09-28,12.12,2.94,3.05,3.19,1.95,12710.0,95.132,1192.09,82.69,59.8
2018-10-05,14.82,3.07,3.23,3.4,2.19,12731.0,95.624,1202.855,84.11,57.7
2018-10-12,21.31,3.0,3.15,3.32,2.19,12731.0,95.221,1217.93,80.6,57.7
2018-10-19,19.89,3.05,3.2,3.38,2.19,12731.0,95.713,1226.315,80.02,57.7
2018-10-26,24.16,2.91,3.08,3.32,2.19,12731.0,96.359,1233.585,77.73,57.7
2018-11-02,19.51,3.04,3.22,3.46,2.2,12741.0,96.542,1232.89,72.62,59.3
2018-11-09,17.36,3.05,3.19,3.4,2.2,12741.0,96.905,1209.595,69.88,59.3
2018-11-16,18.14,2.9,3.08,3.33,2.2,12741.0,96.465,1221.47,67.1,59.3
2018-11-23,21.52,2.88,3.05,3.31,2.2,12741.0,96.916,1223.19,59.19,59.3
2018-11-30,18.07,2.84,3.01,3.3,2.2,12741.0,97.272,1221.965,58.68,59.3
2018-12-07,23.23,2.7,2.85,3.14,2.27,12761.0,96.514,1248.095,61.4,54.1
2018-12-14,21.63,2.73,2.89,3.14,2.27,12761.0,97.443,1238.21,60.25,54.1
2018-12-21,30.11,2.64,2.79,3.03,2.27,12761.0,96.956,1256.01,53.5,54.1
2018-12-28,28.34,2.56,2.72,3.04,2.27,12761.0,96.402,1280.75,52.23,54.1
2019-01-04,21.38,2.49,2.67,2.98,2.4,12790.0,96.179,1284.92,57.42,56.6
2019-01-11,18.19,2.52,2.71,3.04,2.4,12790.0,95.67,1288.0,60.59,56.6
2019-01-18,17.8,2.62,2.79,3.09,2.4,12790.0,96.336,1281.495,62.58,56.6
2019-01-25,17.42,2.59,2.76,3.06,2.4,12790.0,95.794,1303.22,61.51,56.6
2019-02-01,16.14,2.51,2.7,3.03,2.4,12782.0,95.579,1318.0,62.9,54.2
2019-02-08,15.72,2.44,2.63,2.97,2.4,12782.0,96.637,1314.065,61.97,54.2
2019-02-15,14.91,2.49,2.66,3.0,2.4,12782.0,96.904,1321.41,64.88,54.2
2019-02-22,13.51,2.47,2.65,3.02,2.4,12782.0,96.507,1327.795,66.91,54.2
2019-03-01,13.57,2.56,2.76,3.13,2.41,12788.0,96.527,1293.5623,65.0,55.3
2019-03-08,16.05,2.42,2.62,3.0,2.41,12788.0,97.306,1298.395,65.81,55.3
2019-03-15,12.88,2.4,2.59,3.02,2.41,12788.0,96.595,1301.38,67.02,55.3
2019-03-22,16.48,2.24,2.44,2.88,2.41,12788.0,96.651,1313.38,67.08,55.3
2019-03-29,13.71,2.23,2.41,2.81,2.41,12788.0,97.284,1292.15,68.39,55.3
2019-04-05,12.82,2.31,2.5,2.91,2.42,12785.0,97.395,1291.7,70.48,52.8
2019-04-12,12.01,2.38,2.56,2.97,2.42,12785.0,96.972,1290.4,71.55,52.8
2019-04-19,12.09,2.38,2.57,2.96,2.42,12785.0,97.378,1275.395,72.01,52.8
2019-04-26,12.73,2.29,2.51,2.92,2.42,12785.0,98.006,1286.25,71.57,52.8
2019-05-03,12.87,2.33,2.54,2.93,2.39,12778.0,97.52,1279.1899,70.78,52.1
2019-05-10,16.04,2.26,2.47,2.89,2.39,12778.0,97.33,1286.0,70.86,52.1
2019-05-17,15.96,2.17,2.39,2.82,2.39,12778.0,97.995,1277.55,72.17,52.1
2019-05-24,15.85,2.12,2.32,2.75,2.39,12778.0,97.613,1284.895,69.26,52.1
2019-05-31,18.71,1.93,2.14,2.58,2.39,12778.0,97.75,1305.65,64.47,52.1
2019-06-07,16.3,1.85,2.09,2.57,2.38,12787.0,96.544,1340.7,63.24,51.7
2019-06-14,15.28,1.85,2.09,2.59,2.38,12787.0,97.572,1341.58,62.04,51.7
2019-06-21,15.4,1.8,2.07,2.59,2.38,12787.0,96.22,1399.05,65.35,51.7
2019-06-28,15.08,1.76,2.0,2.52,2.38,12787.0,96.13,1409.5,66.51,51.7
2019-07-05,13.28,1.84,2.04,2.54,2.4,12790.0,97.286,1399.95,64.44,51.2
2019-07-12,12.39,1.86,2.12,2.64,2.4,12790.0,96.81,1415.745,67.0,51.2
2019-07-19,14.45,1.8,2.05,2.57,2.4,12790.0,97.151,1425.295,62.65,51.2
2019-07-26,12.16,1.85,2.08,2.59,2.4,12790.0,98.01,1418.695,63.39,51.2
2019-08-02,17.61,1.66,1.86,2.39,2.13,12789.0,98.074,1440.705,61.17,49.1
2019-08-09,17.97,1.57,1.74,2.26,2.13,12789.0,97.491,1497.24,58.42,49.1
2019-08-16,18.47,1.42,1.55,2.01,2.13,12789.0,98.142,1514.15,58.64,49.1
2019-08-23,19.87,1.4,1.52,2.02,2.13,12789.0,97.64,1526.85,58.94,49.1
2019-08-30,18.98,1.39,1.5,1.96,2.13,12789.0,98.916,1520.25,60.43,49.1
2019-09-06,15.0,1.42,1.55,2.02,2.04,12787.0,98.394,1506.95,61.78,47.8
2019-09-13,13.74,1.75,1.9,2.37,2.04,12787.0,98.257,1488.7,60.25,47.8
2019-09-20,15.32,1.61,1.74,2.17,2.04,12787.0,98.513,1517.15,64.77,47.8
2019-09-27,17.22,1.56,1.69,2.13,2.04,12787.0,99.109,1496.945,61.91,47.8
2019-10-04,17.04,1.34,1.52,2.01,1.83,12733.0,98.808,1504.6,58.43,48.3
2019-10-11,15.58,1.59,1.76,2.22,1.83,12733.0,98.301,1489.85,60.68,48.3
2019-10-18,14.25,1.56,1.76,2.25,1.83,12733.0,97.282,1490.1,59.3,48.3
2019-10-25,12.65,1.62,1.8,2.29,1.83,12733.0,97.831,1504.73,62.03,48.3
2019-11-01,12.3,1.55,1.73,2.21,1.55,12777.0,97.239,1513.95,61.55,48.1
2019-11-08,12.07,1.74,1.94,2.43,1.55,12777.0,98.353,1458.657,62.61,48.1
2019-11-15,12.05,1.65,1.84,2.31,1.55,12777.0,97.999,1467.3669,63.45,48.1
2019-11-22,12.34,1.62,1.77,2.22,1.55,12777.0,98.27,1462.29,63.5,48.1
2019-11-29,12.62,1.62,1.78,2.21,1.55,12777.0,98.273,1464.8,63.92,48.1
2019-12-06,13.62,1.67,1.84,2.29,1.55,12760.0,97.7,1459.7571,64.27,47.2
2019-12-13,12.63,1.66,1.82,2.26,1.55,12760.0,97.172,1475.8086,64.99,47.2
2019-12-20,12.51,1.73,1.92,2.34,1.55,12760.0,97.69,1478.1997,66.1,47.2
