Date,DXY_Dollar_Index,Gold_Spot,Brent_Crude_Oil
2006-01-06,88.85,539.65,62.86
2006-01-13,88.89,556.875,62.4
2006-01-20,88.95,553.8,66.2
2006-01-27,89.32,559.55,66.36
2006-02-03,89.89,567.65,63.6
2006-02-10,90.55,550.95,59.72
2006-02-17,90.64,552.15,59.85
2006-02-24,90.61,558.95,62.65
2006-03-03,89.66,565.05,64.1
2006-03-10,90.85,540.35,60.92
2006-03-17,88.92,553.85,63.5
2006-03-24,90.07,560.45,63.44
2006-03-31,89.73,583.65,66.18
2006-04-07,89.63,588.45,67.33
2006-04-14,89.62,599.8,70.8
2006-04-21,88.05,634.0,74.5
2006-04-28,86.11,654.5,71.73
2006-05-05,85.12,682.7,70.82
2006-05-12,83.96,714.8,72.04
2006-05-19,84.88,657.6,68.52
2006-05-26,85.26,652.0,70.67
2006-06-02,84.05,638.2,71.48
2006-06-09,85.72,607.45,70.6
2006-06-16,85.92,580.85,69.0
2006-06-23,86.82,583.35,69.9
2006-06-30,85.22,613.1,73.26
2006-07-07,84.98,630.55,73.25
2006-07-14,86.09,665.15,77.35
2006-07-21,85.93,620.75,73.95
2006-07-28,85.44,635.9,73.54
2006-08-04,84.57,646.45,76.13
2006-08-11,85.52,632.7,75.7
2006-08-18,85.09,615.0,72.15
2006-08-25,85.38,623.25,72.65
2006-09-01,84.94,625.5,69.2
2006-09-08,85.95,610.8,65.35
2006-09-15,85.99,579.85,63.47
2006-09-22,85.2,588.3,60.3
2006-09-29,85.97,598.3,62.5
2006-10-06,86.44,573.8,59.79
2006-10-13,87.12,590.0,59.4
2006-10-20,86.27,591.9,59.56
2006-10-27,85.56,600.05,61.12
2006-11-03,85.71,628.0,59.25
2006-11-10,85.05,628.7,59.88
2006-11-17,85.37,622.0,59.0
2006-11-24,83.71,638.2,60.09
2006-12-01,82.48,645.8,64.89
2006-12-08,83.33,625.15,62.39
2006-12-15,84.06,615.25,63.34
2006-12-22,83.94,621.0,62.06
2006-12-29,83.72,636.8,60.79
2007-01-05,84.63,607.4,55.67
2007-01-12,85.03,626.9,52.87
2007-01-19,84.86,635.5,53.51
2007-01-26,85.28,646.6,55.37
2007-02-02,84.96,648.25,58.52
2007-02-09,84.87,666.65,58.8
2007-02-16,84.09,669.05,58.78
2007-02-23,84.07,682.85,60.64
2007-03-02,83.74,642.95,61.63
2007-03-09,84.24,650.275,61.15
2007-03-16,83.23,652.9,60.38
2007-03-23,83.28,657.1,63.2
2007-03-30,82.93,663.6,68.1
2007-04-06,82.99,674.5,68.1
2007-04-13,82.129,685.6,68.96
2007-04-20,81.643,691.35,66.61
2007-04-27,81.529,680.95,68.32
2007-05-04,81.741,688.75,65.25
2007-05-11,82.116,671.05,66.92
2007-05-18,82.197,661.65,69.45
2007-05-25,82.331,656.15,70.74
2007-06-01,82.322,671.45,68.8
2007-06-08,82.691,648.55,68.72
2007-06-15,82.851,655.75,71.55
2007-06-22,82.336,654.35,71.12
2007-06-29,81.92,649.65,71.35
2007-07-06,81.465,655.9,75.5
2007-07-13,80.576,667.3,77.61
2007-07-20,80.288,683.7,77.4
2007-07-27,80.946,661.4,76.36
2007-08-03,80.177,673.3,74.45
2007-08-10,80.679,672.8,70.5
2007-08-17,81.426,657.2,70.2
2007-08-24,80.667,668.4,70.72
2007-08-31,80.791,673.0,72.57
2007-09-07,79.959,700.8,74.97
2007-09-14,79.617,707.1,76.3
2007-09-21,78.597,731.2,79.03
2007-09-28,77.719,744.1,78.99
2007-10-05,78.308,742.7,78.83
2007-10-12,78.224,749.6,80.64
2007-10-19,77.407,765.2,83.5
2007-10-26,77.027,785.4,88.76
2007-11-02,76.337,807.5,91.85
2007-11-09,75.4,831.7,93.16
2007-11-16,75.827,787.3,91.51
2007-11-23,75.053,823.4,95.67
2007-11-30,76.147,782.9,88.19
2007-12-07,76.288,795.6,88.61
2007-12-14,77.436,794.9,92.68
2007-12-21,77.721,810.8,92.45
2007-12-28,76.218,839.0,94.15
2008-01-04,75.793,861.5,96.75
2008-01-11,75.978,895.75,91.3
2008-01-18,76.383,884.55,89.23
2008-01-25,75.973,913.5,90.96
2008-02-01,75.445,910.375,89.51
2008-02-08,76.67,918.35,91.95
2008-02-15,76.101,902.7,94.81
2008-02-22,75.52,945.5,97.1
2008-02-29,73.714,972.475,100.1
2008-03-07,73.027,973.4,102.65
2008-03-14,71.657,993.2,107.45
2008-03-21,72.747,919.5,99.98
2008-03-28,71.678,930.4,103.36
2008-04-04,72.021,913.3,104.77
2008-04-11,71.808,925.3,108.72
2008-04-18,72.012,916.4,114.2
2008-04-25,72.79,886.15,116.65
2008-05-02,73.5,856.45,114.45
2008-05-09,73.05,884.9,125.55
2008-05-16,72.844,902.3,125.1
2008-05-23,71.888,925.2,130.75
2008-05-30,72.879,886.9,128.27
2008-06-06,72.39,902.35,136.87
2008-06-13,74.146,871.2,134.26
2008-06-20,73.03,901.85,134.39
2008-06-27,72.36,927.85,140.37
2008-07-04,72.731,933.3,144.6
2008-07-11,72.096,964.7,144.42
2008-07-18,72.189,955.3,130.0
2008-07-25,72.86,929.7,124.34
2008-08-01,73.424,910.55,124.26
2008-08-08,75.845,856.35,113.1
2008-08-15,77.18,786.5,112.69
2008-08-22,76.805,823.1,113.9
2008-08-29,77.381,830.8,115.17
2008-09-05,78.932,803.8,104.58
2008-09-12,78.966,764.45,97.0
2008-09-19,77.68,873.15,99.85
2008-09-26,76.953,879.9,103.53
2008-10-03,80.313,836.8,89.26
2008-10-10,82.997,851.4,76.03
2008-10-17,82.413,783.7,69.75
2008-10-24,86.44,735.3,62.7
2008-10-31,85.633,725.05,65.6
2008-11-07,85.907,737.45,57.5
2008-11-14,86.365,742.55,53.85
2008-11-21,88.191,800.0,49.25
2008-11-28,86.517,817.5,54.5
2008-12-05,87.121,757.4,39.74
2008-12-12,83.711,821.95,46.75
2008-12-19,81.07,838.35,44.42
2008-12-26,80.97,869.65,38.44
2009-01-02,81.501,876.55,47.04
2009-01-09,82.483,853.45,43.75
2009-01-16,84.045,843.35,46.18
2009-01-23,85.582,899.4,47.46
2009-01-30,85.834,927.75,45.93
2009-02-06,85.286,911.55,46.4
2009-02-13,86.095,942.1,45.0
2009-02-20,86.593,993.3,41.83
2009-02-27,88.166,945.15,45.84
2009-03-06,88.552,937.35,44.59
2009-03-13,87.251,928.2,44.71
2009-03-20,83.708,952.85,51.4
2009-03-27,85.142,923.05,51.6
2009-04-03,84.176,893.9,53.55
2009-04-10,85.537,881.65,54.1
2009-04-17,85.896,868.9,53.3
2009-04-24,84.716,913.1,51.59
2009-05-01,84.542,887.3,52.65
2009-05-08,82.444,917.05,58.5
2009-05-15,82.948,931.7,56.1
2009-05-22,80.04,957.35,60.63
2009-05-29,79.233,980.0,65.8
2009-06-05,80.668,956.3,68.5
2009-06-12,80.128,938.9,70.76
2009-06-19,80.334,934.3,69.3
2009-06-26,79.903,939.05,69.15
2009-07-03,80.453,932.5,65.43
2009-07-10,80.233,913.15,60.29
2009-07-17,79.347,937.7,65.33
2009-07-24,78.749,951.35,70.32
2009-07-31,78.347,954.75,71.8
2009-08-07,78.975,954.9,73.19
2009-08-14,78.885,947.35,72.5
2009-08-21,78.044,954.15,74.08
2009-08-28,78.366,955.95,72.87
2009-09-04,78.136,994.4,66.56
2009-09-11,76.608,1005.85,67.5
2009-09-18,76.425,1007.15,71.1
2009-09-25,76.812,991.75,65.15
2009-10-02,77.003,1002.35,67.68
2009-10-09,76.431,1049.25,70.25
2009-10-16,75.597,1053.25,77.14
2009-10-23,75.468,1054.95,78.16
2009-10-30,76.3,1044.9,75.09
2009-11-06,75.819,1095.05,76.05
2009-11-13,75.334,1119.2,75.55
2009-11-20,75.656,1149.95,77.6
2009-11-27,74.996,1177.7,77.12
2009-12-04,75.911,1161.7,77.74
2009-12-11,76.573,1114.9,71.66
2009-12-18,77.821,1112.5,73.88
2009-12-25,77.645,1104.5,76.1
2010-01-01,77.86,1097.35,78.0
2010-01-08,77.471,1136.6,81.43
2010-01-15,77.323,1130.9,77.2
2010-01-22,78.277,1093.0,72.38
2010-01-29,79.462,1081.55,71.18
2010-02-05,80.441,1065.45,70.3
2010-02-12,80.316,1093.4,72.9
2010-02-19,80.643,1118.85,78.45
2010-02-26,80.362,1116.5,77.65
2010-03-05,80.432,1132.05,80.08
2010-03-12,79.833,1102.45,79.46
2010-03-19,80.724,1107.55,79.8
2010-03-26,81.676,1106.6,79.36
2010-04-02,81.293,1120.5,84.42
2010-04-09,81.093,1160.9,84.93
2010-04-16,80.824,1137.45,85.66
2010-04-23,81.352,1157.4,87.21
2010-04-30,81.866,1179.25,87.47
2010-05-07,84.45,1208.3,78.58
2010-05-14,86.095,1233.05,77.2
2010-05-21,85.371,1177.15,72.11
2010-05-28,86.48,1214.81,74.2
2010-06-04,88.233,1220.0,71.66
2010-06-11,87.507,1227.4,74.79
2010-06-18,85.699,1257.35,78.42
2010-06-25,85.313,1255.5,78.41
2010-07-02,84.427,1211.6,71.93
2010-07-09,83.947,1212.0,75.16
2010-07-16,82.486,1193.65,75.35
2010-07-23,82.464,1189.1,77.34
2010-07-30,81.539,1180.9,78.26
2010-08-06,80.407,1205.3,80.36
2010-08-13,82.948,1215.55,75.25
2010-08-20,83.057,1228.05,74.33
2010-08-27,82.918,1238.2,76.93
2010-09-03,82.102,1247.1,76.62
2010-09-10,82.698,1246.45,78.15
2010-09-17,81.398,1274.9,77.97
2010-09-24,79.395,1296.95,78.8
2010-10-01,78.088,1318.8,83.81
2010-10-08,77.325,1346.8,84.19
2010-10-15,77.041,1369.15,82.76
2010-10-22,77.472,1328.2,82.9
2010-10-29,77.266,1359.55,83.14
2010-11-05,76.548,1393.9,88.47
2010-11-12,78.082,1368.945,86.04
2010-11-19,78.504,1353.5,84.13
2010-11-26,80.357,1364.425,85.8
2010-12-03,79.377,1415.045,91.68
2010-12-10,80.07,1386.05,90.53
2010-12-17,80.373,1375.405,91.75
2010-12-24,80.496,1384.75,93.46
2010-12-31,79.028,1421.45,94.59
2011-01-07,81.012,1369.6,93.72
2011-01-14,79.162,1361.85,98.65
2011-01-21,78.213,1342.505,97.59
2011-01-28,78.133,1335.345,99.33
2011-02-04,78.044,1349.25,100.1
2011-02-11,78.46,1356.1,101.55
2011-02-18,77.664,1387.3,102.82
2011-02-25,77.275,1409.25,112.43
2011-03-04,76.4,1429.295,115.99
2011-03-11,76.776,1417.4,113.44
2011-03-18,75.718,1419.55,114.49
2011-03-25,76.217,1429.65,116.02
2011-04-01,75.833,1428.38,119.1
2011-04-08,75.066,1475.1,126.9
2011-04-15,74.832,1486.5,123.73
2011-04-22,73.995,1508.13,124.04
2011-04-29,72.933,1565.6,126.03
2011-05-06,74.841,1495.25,109.24
2011-05-13,75.757,1494.555,113.84
2011-05-20,75.435,1513.55,112.42
2011-05-27,74.954,1536.65,115.0
2011-06-03,73.783,1542.5,116.05
2011-06-10,74.795,1531.9,118.59
2011-06-17,74.988,1539.5,113.2
2011-06-24,75.665,1502.15,105.67
2011-07-01,74.349,1486.5,111.24
2011-07-08,75.179,1543.95,118.3
2011-07-15,75.126,1594.1,117.66
2011-07-22,74.201,1599.25,118.51
2011-07-29,73.897,1626.64,116.85
2011-08-05,74.598,1665.0,109.85
2011-08-12,74.607,1746.6,107.8
2011-08-19,74.009,1852.45,109.22
2011-08-26,73.814,1828.55,111.25
2011-09-02,74.756,1884.2,112.52
2011-09-09,77.192,1857.81,112.53
2011-09-16,76.599,1811.95,111.9
2011-09-23,78.501,1656.585,104.36
2011-09-30,78.553,1623.75,102.15
2011-10-07,78.726,1639.45,105.91
2011-10-14,76.623,1679.95,114.69
2011-10-21,76.395,1641.02,109.79
2011-10-28,75.067,1742.95,110.16
2011-11-04,76.962,1754.15,112.48
2011-11-11,76.945,1788.995,114.19
2011-11-18,78.064,1723.05,107.81
2011-11-25,79.686,1680.13,106.64
2011-12-02,78.625,1745.25,110.3
2011-12-09,78.632,1711.095,108.99
2011-12-16,80.256,1597.945,103.65
2011-12-23,79.93,1606.6,108.0
2011-12-30,80.178,1564.3,107.22
2012-01-06,81.254,1616.845,113.4
2012-01-13,81.515,1639.35,111.04
2012-01-20,80.223,1666.9,110.23
2012-01-27,78.902,1738.895,111.32
2012-02-03,78.924,1725.3,114.71
2012-02-10,79.114,1719.845,117.61
2012-02-17,79.331,1722.445,119.95
2012-02-24,78.352,1773.495,125.07
2012-03-02,79.403,1712.295,123.32
2012-03-09,80.041,1713.095,125.71
2012-03-16,79.786,1660.65,126.16
2012-03-23,79.345,1662.265,125.21
2012-03-30,79.004,1668.9,122.8
2012-04-06,79.886,1639.495,123.29
2012-04-13,79.888,1659.0,121.81
2012-04-20,79.194,1642.7,118.85
2012-04-27,78.709,1662.05,119.75
2012-05-04,79.498,1642.83,113.2
2012-05-11,80.264,1580.05,112.03
2012-05-18,81.292,1593.085,107.31
2012-05-25,82.402,1573.45,106.9
2012-06-01,82.89,1626.25,98.82
2012-06-08,82.511,1594.45,99.76
2012-06-15,81.628,1626.76,97.31
2012-06-22,82.256,1572.15,91.33
2012-06-29,81.627,1598.6,97.57
2012-07-06,83.377,1582.9,98.15
2012-07-13,83.349,1589.05,102.85
2012-07-20,83.478,1583.63,106.74
2012-07-27,82.709,1624.05,106.65
2012-08-03,82.375,1603.2,108.71
2012-08-10,82.553,1620.35,113.54
2012-08-17,82.596,1616.2,113.76
2012-08-24,81.593,1670.35,113.51
2012-08-31,81.208,1691.15,114.92
2012-09-07,80.252,1736.5,114.6
2012-09-14,78.847,1771.62,116.92
2012-09-21,79.328,1773.05,111.42
2012-09-28,79.935,1771.625,112.22
2012-10-05,79.337,1781.5,112.04
2012-10-12,79.667,1754.25,114.4
2012-10-19,79.621,1720.2,110.32
2012-10-26,80.068,1711.35,109.7
2012-11-02,80.593,1678.305,105.5
2012-11-09,81.026,1731.745,109.78
2012-11-16,81.257,1713.35,109.02
2012-11-23,80.192,1753.0,111.39
2012-11-30,80.153,1715.8,111.19
2012-12-07,80.41,1704.75,107.2
2012-12-14,79.58,1695.445,109.2
2012-12-21,79.617,1656.85,109.15
2012-12-28,79.678,1655.7,110.35
2013-01-04,80.499,1657.25,111.4
2013-01-11,79.563,1662.85,110.64
2013-01-18,80.036,1684.545,111.67
2013-01-25,79.748,1659.0,113.4
2013-02-01,79.206,1667.395,116.65
2013-02-08,80.213,1668.1,118.89
2013-02-15,80.58,1609.2,117.97
2013-02-22,81.46,1580.005,114.3
2013-03-01,82.276,1575.9,110.51
2013-03-08,82.715,1577.9,110.88
2013-03-15,82.13,1592.45,110.05
2013-03-22,82.529,1608.45,107.5
2013-03-29,83.221,1596.74,109.94
2013-04-05,82.496,1581.98,104.05
2013-04-12,82.127,1478.85,102.8
2013-04-19,82.714,1404.35,99.53
2013-04-26,82.469,1463.0,102.85
2013-05-03,82.099,1470.75,104.17
2013-05-10,83.143,1448.0,103.68
2013-05-17,84.252,1360.15,104.72
2013-05-24,83.7,1386.05,102.78
2013-05-31,83.261,1386.9,100.15
2013-06-07,81.669,1384.465,104.8
2013-06-14,80.618,1390.7,105.84
2013-06-21,82.41,1297.25,101.09
2013-06-28,83.136,1234.25,101.99
2013-07-05,84.444,1223.805,107.7
2013-07-12,82.988,1284.9,109.04
2013-07-19,82.623,1296.35,108.3
2013-07-26,81.656,1333.9,107.19
2013-08-02,81.908,1312.0,108.91
2013-08-09,81.126,1314.5,108.25
2013-08-16,81.257,1376.4,110.42
2013-08-23,81.361,1397.25,111.05
2013-08-30,82.087,1396.4,114.45
2013-09-06,82.15,1391.605,115.83
2013-09-13,81.452,1326.725,112.75
2013-09-20,80.431,1325.385,109.35
2013-09-27,80.287,1336.205,108.43
2013-10-04,80.131,1311.35,109.5
2013-10-11,80.412,1273.11,111.03
2013-10-18,79.654,1316.245,109.94
2013-10-25,79.194,1352.135,107.06
2013-11-01,80.722,1315.35,105.91
2013-11-08,81.303,1289.0,105.14
2013-11-15,80.849,1288.4,108.5
2013-11-22,80.708,1243.6,110.49
2013-11-29,80.68,1253.495,110.11
2013-12-06,80.315,1228.85,111.75
2013-12-13,80.214,1238.3,108.83
2013-12-20,80.575,1203.25,111.84
2013-12-27,80.392,1214.3,112.11
2014-01-03,80.791,1236.55,107.03
2014-01-10,80.658,1247.1,107.49
2014-01-17,81.225,1253.82,106.32
2014-01-24,80.458,1267.82,107.89
2014-01-31,81.311,1243.8,106.4
2014-02-07,80.691,1267.06,109.63
2014-02-14,80.149,1318.94,109.07
2014-02-21,80.237,1323.4,109.84
2014-02-28,79.691,1326.4,109.15
2014-03-07,79.719,1340.25,108.75
2014-03-14,79.446,1382.24,108.54
2014-03-21,80.105,1334.55,107.2
2014-03-28,80.176,1294.0,107.97
2014-04-04,80.423,1302.71,106.65
2014-04-11,79.452,1318.5,107.08
2014-04-18,79.828,1293.78,109.76
2014-04-25,79.749,1303.45,109.39
2014-05-02,79.516,1300.32,108.9
2014-05-09,79.903,1289.33,107.97
2014-05-16,80.043,1293.7,109.68
2014-05-23,80.393,1293.11,110.44
2014-05-30,80.369,1251.0,109.49
2014-06-06,80.409,1252.73,108.85
2014-06-13,80.576,1276.95,113.5
2014-06-20,80.372,1314.82,114.68
2014-06-27,80.017,1315.35,113.18
2014-07-04,80.269,1320.55,110.58
2014-07-11,80.187,1338.15,106.53
2014-07-18,80.524,1310.9,107.14
2014-07-25,81.029,1308.05,108.13
2014-08-01,81.302,1294.1,104.69
2014-08-08,81.454,1309.6,104.67
2014-08-15,81.424,1304.6,103.4
2014-08-22,82.336,1281.23,102.1
2014-08-29,82.748,1287.57,103.04
2014-09-05,83.739,1268.85,100.97
2014-09-12,84.24,1228.63,96.91
2014-09-19,84.735,1216.45,98.38
2014-09-26,85.64,1219.51,96.9
2014-10-03,86.694,1191.2,92.25
2014-10-10,85.912,1223.48,89.89
2014-10-17,85.11,1238.19,86.1
2014-10-24,85.732,1231.46,86.25
2014-10-31,86.917,1174.42,85.93
2014-11-07,87.642,1176.65,83.14
2014-11-14,87.525,1188.25,79.55
2014-11-21,88.31,1201.4,80.36
2014-11-28,88.356,1167.35,70.02
2014-12-05,89.334,1192.05,68.94
2014-12-12,88.363,1222.6,61.65
2014-12-19,89.598,1195.95,62.15
2014-12-26,90.03,1195.4,59.52
2015-01-02,91.08,1189.18,56.51
2015-01-09,91.935,1223.4,49.95
2015-01-16,92.52,1280.3,49.9
2015-01-23,94.762,1294.55,48.55
2015-01-30,94.804,1283.55,52.95
2015-02-06,95.854,1233.72,58.16
2015-02-13,94.201,1229.7,61.48
2015-02-20,94.34,1202.4,60.34
2015-02-27,95.321,1213.15,62.33
2015-03-06,97.615,1167.21,59.77
2015-03-13,100.33,1159.48,54.6
2015-03-20,97.909,1182.68,55.22
2015-03-27,97.291,1199.3,56.12
2015-04-03,96.545,1210.9,55.13
2015-04-10,99.338,1208.05,58.04
2015-04-17,97.52,1204.65,63.72
2015-04-24,96.922,1179.38,65.49
2015-05-01,95.297,1178.5,66.51
2015-05-08,94.794,1188.15,65.59
2015-05-15,93.135,1223.85,66.86
2015-05-22,96.11,1206.38,65.57
2015-05-29,96.907,1190.5,65.45
2015-06-05,96.306,1172.0,63.23
2015-06-12,94.972,1180.8,63.78
2015-06-19,94.085,1200.51,62.75
2015-06-26,95.472,1175.0725,63.05
2015-07-03,96.113,1167.94,60.55
2015-07-10,96.025,1163.96,58.72
2015-07-17,97.862,1134.1,57.01
2015-07-24,97.244,1099.1,54.56
2015-07-31,97.336,1095.65,51.85
2015-08-07,97.563,1094.2,48.49
2015-08-14,96.52,1114.105,49.0
2015-08-21,95.008,1161.05,45.43
2015-08-28,96.106,1133.96,49.93
2015-09-04,96.229,1123.0,49.29
2015-09-11,95.194,1107.9,48.18
2015-09-18,94.863,1139.4,47.78
2015-09-25,96.269,1146.245,48.34
2015-10-02,95.83,1138.14,48.22
2015-10-09,94.813,1157.53,52.43
2015-10-16,94.54,1177.2,50.5
2015-10-23,97.127,1164.255,48.08
2015-10-30,96.946,1142.375,49.5
2015-11-06,99.168,1088.645,47.66
2015-11-13,98.998,1083.645,43.6
2015-11-20,99.565,1078.095,44.48
2015-11-27,100.02,1058.81,44.87
2015-12-04,98.354,1086.995,43.22
2015-12-11,97.565,1074.895,37.98
2015-12-18,98.703,1066.195,36.55
2015-12-25,97.984,1075.875,37.93
2016-01-01,98.631,1060.74,37.6
2016-01-08,98.54,1104.24,33.26
2016-01-15,98.956,1089.095,29.11
2016-01-22,99.574,1098.295,32.08
2016-01-29,99.606,1118.04,34.73
2016-02-05,97.031,1173.69,34.13
2016-02-12,95.94,1238.045,32.65
2016-02-19,96.6,1228.195,33.12
2016-02-26,98.148,1222.595,35.13
2016-03-04,97.34,1259.445,38.93
2016-03-11,96.172,1248.445,40.38
2016-03-18,95.086,1255.295,41.46
2016-03-25,96.142,1216.475,40.45
2016-04-01,94.619,1222.495,38.75
2016-04-08,94.235,1240.395,41.89
2016-04-15,94.696,1234.045,42.85
2016-04-22,95.116,1232.295,45.16
2016-04-29,93.082,1293.745,48.14
2016-05-06,93.888,1288.7,45.28
2016-05-13,94.608,1273.6,47.85
2016-05-20,95.334,1252.295,48.74
2016-05-27,95.521,1212.4,49.46
2016-06-03,94.029,1244.495,49.84
2016-06-10,94.571,1274.2,50.48
2016-06-17,94.206,1298.595,49.25
2016-06-24,95.448,1315.98,48.41
2016-07-01,95.649,1342.295,50.55
2016-07-08,96.302,1366.8,46.44
2016-07-15,96.58,1337.85,48.09
2016-07-22,97.467,1322.385,45.74
2016-07-29,95.531,1350.91,42.49
2016-08-05,96.194,1335.795,44.42
2016-08-12,95.722,1336.19,47.08
2016-08-19,94.511,1341.78,50.79
2016-08-26,95.566,1321.3301,49.57
2016-09-02,95.844,1325.01,46.68
2016-09-09,95.336,1328.15,47.88
2016-09-16,96.108,1310.4251,46.05
2016-09-23,95.477,1337.605,46.07
2016-09-30,95.463,1315.96,49.05
2016-10-07,96.632,1256.965,51.69
2016-10-14,98.019,1250.55,52.0
2016-10-21,98.695,1266.75,51.92
2016-10-28,98.348,1276.295,49.6
2016-11-04,97.065,1304.25,45.6
2016-11-11,99.06,1225.68,44.52
2016-11-18,101.21,1208.695,46.89
2016-11-25,101.49,1183.63,47.12
2016-12-02,100.77,1176.92,54.49
2016-12-09,101.59,1157.87,54.36
2016-12-16,102.95,1134.0851,55.33
2016-12-23,103.01,1133.495,55.08
2016-12-30,102.21,1151.845,56.75
2017-01-06,102.22,1172.81,56.75
2017-01-13,101.18,1197.66,55.59
2017-01-20,100.74,1209.96,55.49
2017-01-27,100.53,1191.595,55.46
2017-02-03,99.868,1219.88,56.72
2017-02-10,100.8,1234.115,56.61
2017-02-17,100.95,1235.29,55.72
2017-02-24,101.09,1256.945,56.04
2017-03-03,101.54,1234.3,55.71
2017-03-10,101.25,1204.545,51.27
2017-03-17,100.3,1229.15,51.67
2017-03-24,99.627,1244.175,50.97
2017-03-31,100.35,1249.13,52.74
2017-04-07,101.18,1254.05,55.26
2017-04-14,100.56,1285.69,55.64
2017-04-21,99.977,1284.5,52.05
2017-04-28,99.05,1268.15,51.71
2017-05-05,98.648,1227.735,49.47
2017-05-12,99.252,1228.83,50.91
2017-05-19,97.142,1255.55,53.8
2017-05-26,97.442,1267.045,52.23
2017-06-02,96.715,1279.98,49.95
2017-06-09,97.274,1266.4,48.3
2017-06-16,97.164,1253.63,47.29
2017-06-23,97.264,1256.9,45.61
2017-06-30,95.628,1241.6,47.9
2017-07-07,96.008,1212.9,46.88
2017-07-14,95.153,1228.98,49.09
2017-07-21,93.858,1254.9,47.93
2017-07-28,93.259,1269.25,52.63
2017-08-04,93.542,1258.6,52.46
2017-08-11,93.069,1289.21,52.05
2017-08-18,93.434,1284.5,52.86
2017-08-25,92.74,1291.155,52.35
2017-09-01,92.814,1324.97,52.69
2017-09-08,91.352,1346.71,53.75
2017-09-15,91.872,1319.625,55.48
2017-09-22,92.171,1297.38,56.9
2017-09-29,93.076,1279.45,57.51
2017-10-06,93.8,1276.025,55.68
2017-10-13,93.091,1304.875,57.2
2017-10-20,93.701,1280.725,57.94
2017-10-27,94.916,1273.35,60.5
2017-11-03,94.941,1269.845,62.09
2017-11-10,94.391,1276.11005,63.6
2017-11-17,93.662,1294.37,62.72
2017-11-24,92.782,1288.225,63.73
2017-12-01,92.885,1280.265,63.7
2017-12-08,93.901,1248.145,63.39
2017-12-15,93.932,1255.2601,63.25
2017-12-22,93.347,1275.005,65.04
2017-12-29,92.124,1302.545,66.62
2018-01-05,91.949,1320.21,67.79
2018-01-12,90.974,1338.405,69.81
2018-01-19,90.572,1331.795,68.65
2018-01-26,89.067,1350.145,70.29
2018-02-02,89.195,1332.98,68.23
2018-02-09,90.442,1316.69,62.71
2018-02-16,89.1,1347.86,64.9
2018-02-23,89.883,1328.94,67.1
2018-03-02,89.935,1322.205,64.56
2018-03-09,90.093,1323.705,65.49
2018-03-16,90.233,1314.0,65.99
2018-03-23,89.484,1347.225,70.36
2018-03-30,89.974,1325.0,70.22
2018-04-06,90.108,1333.195,66.93
2018-04-13,89.8,1345.46,72.62
2018-04-20,90.316,1335.125,73.71
2018-04-27,91.542,1322.795,74.44
2018-05-04,92.566,1315.05,75.0
2018-05-11,92.537,1318.2151,77.18
2018-05-18,93.637,1292.5,78.71
2018-05-25,94.188,1301.61,76.33
2018-06-01,94.191,1293.145,76.71
2018-06-08,93.551,1298.75,76.34
2018-06-15,94.789,1279.8401,73.0
2018-06-22,94.517,1269.28,75.53
2018-06-29,94.636,1253.0,79.42
2018-07-06,94.036,1254.985,77.29
2018-07-13,94.752,1241.52,74.92
2018-07-20,94.449,1231.765,73.0
2018-07-27,94.675,1223.375,74.39
2018-08-03,95.143,1213.43,73.42
2018-08-10,96.357,1211.3,72.96
2018-08-17,96.101,1184.77,71.86
2018-08-24,95.146,1205.965,75.43
2018-08-31,95.14,1201.09,77.45
2018-09-07,95.365,1195.855,77.1
2018-09-14,94.927,1193.71,78.1
2018-09-21,94.22,1199.545,78.77
2018-09-28,95.132,1192.09,82.69
2018-10-05,95.624,1202.855,84.11
2018-10-12,95.221,1217.93,80.6
2018-10-19,95.713,1226.315,80.02
2018-10-26,96.359,1233.585,77.73
2018-11-02,96.542,1232.89,72.62
2018-11-09,96.905,1209.595,69.88
2018-11-16,96.465,1221.47,67.1
2018-11-23,96.916,1223.19,59.19
2018-11-30,97.272,1221.965,58.68
2018-12-07,96.514,1248.095,61.4
2018-12-14,97.443,1238.21,60.25
2018-12-21,96.956,1256.01,53.5
2018-12-28,96.402,1280.75,52.23
2019-01-04,96.179,1284.92,57.42
2019-01-11,95.67,1288.0,60.59
2019-01-18,96.336,1281.495,62.58
2019-01-25,95.794,1303.22,61.51
2019-02-01,95.579,1318.0,62.9
2019-02-08,96.637,1314.065,61.97
2019-02-15,96.904,1321.41,64.88
2019-02-22,96.507,1327.795,66.91
2019-03-01,96.527,1293.5623,65.0
2019-03-08,97.306,1298.395,65.81
2019-03-15,96.595,1301.38,67.02
2019-03-22,96.651,1313.38,67.08
2019-03-29,97.284,1292.15,68.39
2019-04-05,97.395,1291.7,70.48
2019-04-12,96.972,1290.4,71.55
2019-04-19,97.378,1275.395,72.01
2019-04-26,98.006,1286.25,71.57
2019-05-03,97.52,1279.1899,70.78
2019-05-10,97.33,1286.0,70.86
2019-05-17,97.995,1277.55,72.17
2019-05-24,97.613,1284.895,69.26
2019-05-31,97.75,1305.65,64.47
2019-06-07,96.544,1340.7,63.24
2019-06-14,97.572,1341.58,62.04
2019-06-21,96.22,1399.05,65.35
2019-06-28,96.13,1409.5,66.51
2019-07-05,97.286,1399.95,64.44
2019-07-12,96.81,1415.745,67.0
2019-07-19,97.151,1425.295,62.65
2019-07-26,98.01,1418.695,63.39
2019-08-02,98.074,1440.705,61.17
2019-08-09,97.491,1497.24,58.42
2019-08-16,98.142,1514.15,58.64
2019-08-23,97.64,1526.85,58.94
2019-08-30,98.916,1520.25,60.43
2019-09-06,98.394,1506.95,61.78
2019-09-13,98.257,1488.7,60.25
2019-09-20,98.513,1517.15,64.77
2019-09-27,99.109,1496.945,61.91
2019-10-04,98.808,1504.6,58.43
2019-10-11,98.301,1489.85,60.68
2019-10-18,97.282,1490.1,59.3
2019-10-25,97.831,1504.73,62.03
2019-11-01,97.239,1513.95,61.55
2019-11-08,98.353,1458.657,62.61
2019-11-15,97.999,1467.3669,63.45
2019-11-22,98.27,1462.29,63.5
2019-11-29,98.273,1464.8,63.92
2019-12-06,97.7,1459.7571,64.27
2019-12-13,97.172,1475.8086,64.99
2019-12-20,97.69,1478.1997,66.1
2019-12-27,96.919,1510.6667,68.2
2020-01-03,96.838,1551.6527,68.7
2020-01-10,97.356,1562.283,65.1
2020-01-17,97.637,1556.6098,65.35
2020-01-24,97.853,1570.655,60.56
2020-01-31,97.39,1590.2,58.19
2020-02-07,98.684,1570.2858,54.5
2020-02-14,99.124,1584.705,57.24
2020-02-21,99.262,1643.7011,58.36
2020-02-28,98.132,1585.125,50.5
2020-03-06,95.951,1674.235,45.5
2020-03-13,98.749,1529.6951,34.97
2020-03-20,102.817,1498.245,27.21
2020-03-27,98.365,1623.5,25.1
2020-04-03,100.576,1618.45,34.65
2020-04-10,99.517,1689.9,32.03
2020-04-17,99.782,1684.6899,28.25
2020-04-24,100.38,1729.43,21.8
2020-05-01,99.079,1700.415,26.6
2020-05-08,99.734,1702.65,30.86
2020-05-15,100.402,1743.0,32.74
2020-05-22,99.863,1736.07,35.12
2020-05-29,98.344,1728.3,35.31
2020-06-05,96.937,1685.835,42.07
2020-06-12,97.319,1730.795,39.04
2020-06-19,97.623,1743.6151,41.92
2020-06-26,97.433,1771.475,40.67
2020-07-03,97.172,1775.045,42.78
2020-07-10,96.652,1798.895,43.17
2020-07-17,95.942,1809.9,43.1
2020-07-24,94.435,1901.4551,43.42
2020-07-31,93.349,1975.895,43.32
2020-08-07,93.435,2035.0251,44.69
2020-08-14,93.096,1944.29,44.95
2020-08-21,93.247,1940.165,44.26
2020-08-28,92.371,1964.895,45.08
2020-09-04,92.719,1932.85,42.35
2020-09-11,93.333,1942.5,39.92
2020-09-18,92.926,1950.2525,43.04
2020-09-25,94.642,1861.05,41.79
2020-10-02,93.844,1899.7,38.9
2020-10-09,93.057,1930.43,42.82
2020-10-16,93.682,1899.225,42.85
2020-10-23,92.768,1901.8551,41.59
2020-10-30,94.038,1878.95,37.45
2020-11-06,92.229,1951.895,39.6
2020-11-13,92.755,1888.5868,42.63
2020-11-20,92.392,1871.0158,45.24
2020-11-27,91.79,1789.05,48.27
2020-12-04,90.701,1837.995,49.03
2020-12-11,90.976,1839.5593,50.07
2020-12-18,90.016,1881.045,52.37
2020-12-25,90.323,1877.075,51.3
2021-01-01,89.937,1898.6,51.72
