Date,OPEN,HIGH,LOW,CLOSE
2006-01-06,4.359,4.394,4.257,4.3195
2006-01-13,4.325,4.405,4.28,4.2835
2006-01-20,4.292,4.327,4.232,4.2885
2006-01-27,4.292,4.47,4.28,4.4435
2006-02-03,4.448,4.578,4.439,4.4815
2006-02-10,4.488,4.604,4.465,4.5885
2006-02-17,4.593,4.636,4.544,4.552
2006-02-24,4.546,4.649,4.546,4.6375
2006-03-03,4.636,4.724,4.581,4.7065
2006-03-10,4.711,4.808,4.708,4.7645
2006-03-17,4.769,4.807,4.583,4.6195
2006-03-24,4.624,4.742,4.598,4.6625
2006-03-31,4.668,4.851,4.662,4.8095
2006-04-07,4.816,4.922,4.789,4.9155
2006-04-14,4.92,4.978,4.841,4.967
2006-04-21,4.976,4.978,4.839,4.9145
2006-04-28,4.92,5.055,4.877,4.9125
2006-05-05,4.912,5.045,4.911,4.9795
2006-05-12,4.984,5.087,4.962,5.0785
2006-05-19,5.084,5.091,4.928,4.9645
2006-05-26,4.97,4.991,4.883,4.9425
2006-06-02,4.948,5.063,4.9,4.8985
2006-06-09,4.903,4.988,4.9,4.9365
2006-06-16,4.943,5.111,4.91,5.102
2006-06-23,5.107,5.22,5.097,5.2045
2006-06-30,5.21,5.242,5.098,5.0965
2006-07-07,5.102,5.202,5.094,5.0955
2006-07-14,5.101,5.123,5.009,5.0255
2006-07-21,5.031,5.16,4.951,4.9905
2006-07-28,4.996,5.044,4.912,4.9155
2006-08-04,4.92,4.943,4.814,4.8275
2006-08-11,4.832,4.919,4.832,4.9095
2006-08-18,4.914,4.959,4.772,4.7835
2006-08-25,4.788,4.804,4.745,4.7465
2006-09-01,4.754,4.84,4.68,4.68165
2006-09-08,4.687,4.78,4.687,4.71195
2006-09-15,4.717,4.766,4.678,4.756
2006-09-22,4.76,4.82,4.53,4.54125
2006-09-29,4.5475,4.613,4.4904,4.58035
2006-10-06,4.588,4.656,4.482,4.64015
2006-10-13,4.649,4.784,4.646,4.7606
2006-10-20,4.766,4.779,4.689,4.7613
2006-10-27,4.761,4.825,4.63,4.6347
2006-11-03,4.639,4.6994,4.521,4.69315
2006-11-10,4.683,4.683,4.55,4.5632
2006-11-17,4.564,4.6888,4.522,4.59215
2006-11-24,4.594,4.61,4.515,4.5458
2006-12-01,4.547,4.594,4.361,4.38895
2006-12-08,4.394,4.535,4.352,4.5174
2006-12-15,4.532,4.594,4.436,4.57075
2006-12-22,4.574,4.607,4.508,4.58785
2006-12-29,4.591,4.719,4.515,4.68875
2007-01-05,4.692,4.71,4.568,4.63715
2007-01-12,4.651,4.777,4.646,4.7649
2007-01-19,4.768,4.824,4.723,4.7823
2007-01-26,4.784,4.905,4.757,4.86655
2007-02-02,4.867,4.896,4.759,4.81485
2007-02-09,4.819,4.828,4.714,4.7755
2007-02-16,4.78,4.821,4.646,4.67965
2007-02-23,4.685,4.74,4.646,4.6533
2007-03-02,4.662,4.666,4.409,4.43175
2007-03-09,4.441,4.566,4.375,4.5492
2007-03-16,4.55,4.569,4.38,4.46895
2007-03-23,4.538,4.552,4.411,4.51095
2007-03-30,4.517,4.59,4.431,4.5353
2007-04-06,4.541,4.676,4.519,4.66685
2007-04-13,4.672,4.694,4.61,4.686
2007-04-20,4.692,4.71,4.533,4.5699
2007-04-27,4.576,4.609,4.503,4.58745
2007-05-04,4.592,4.606,4.5,4.55115
2007-05-11,4.556,4.61,4.507,4.58495
2007-05-18,4.592,4.747,4.583,4.7259
2007-05-25,4.734,4.832,4.713,4.79365
2007-06-01,4.811,4.932,4.791,4.92125
2007-06-08,4.925,5.164,4.903,5.0416
2007-06-15,5.064,5.247,5.044,5.08965
2007-06-22,5.083,5.123,4.98,5.0113
2007-06-29,5.017,5.022,4.901,4.92575
2007-07-06,4.937,5.116,4.884,5.08945
2007-07-13,5.092,5.11,4.876,5.0022
2007-07-20,5.011,5.017,4.822,4.8392
2007-07-27,4.84,4.88,4.528,4.5703
2007-08-03,4.572,4.712,4.476,4.4817
2007-08-10,4.478,4.735,4.455,4.5926
2007-08-17,4.593,4.649,4.189,4.36025
2007-08-24,4.381,4.471,4.043,4.4087
2007-08-31,4.414,4.464,4.19,4.2451
2007-09-07,4.256,4.29,4.015,4.03815
2007-09-14,4.032,4.223,3.959,4.1722
2007-09-21,4.181,4.382,4.139,4.29825
2007-09-28,4.307,4.348,4.165,4.25085
2007-10-05,4.245,4.356,4.169,4.3308
2007-10-12,4.338,4.432,4.319,4.41165
2007-10-19,4.418,4.468,4.014,4.03305
2007-10-26,4.019,4.124,3.945,4.05095
2007-11-02,4.053,4.213,3.908,3.94805
2007-11-09,3.955,4.011,3.739,3.73995
2007-11-16,3.748,3.908,3.657,3.7004
2007-11-23,3.699,3.721,3.28,3.40255
2007-11-30,3.409,3.547,3.177,3.39205
2007-12-07,3.402,3.537,3.206,3.4887
2007-12-14,3.506,3.649,3.297,3.63275
2007-12-21,3.63,3.641,3.392,3.57655
2007-12-28,3.589,3.726,3.472,3.49795
2008-01-04,3.503,3.506,3.112,3.1773
2008-01-11,3.186,3.228,3.037,3.04225
2008-01-18,3.051,3.092,2.838,2.8423
2008-01-25,2.546,2.997,2.398,2.7495
2008-02-01,2.777,2.977,2.68,2.74175
2008-02-08,2.74,2.8393,2.596,2.69235
2008-02-15,2.699,2.807,2.622,2.75325
2008-02-22,2.756,3.027,2.743,2.83115
2008-02-29,2.8457,3.012,2.472,2.46975
2008-03-07,2.4922,2.629,2.345,2.43785
2008-03-14,2.4428,2.672,2.262,2.40245
2008-03-21,2.392,2.501,2.166,2.3803
2008-03-28,2.384,2.67,2.355,2.4925
2008-04-04,2.515,2.78,2.431,2.6186
2008-04-11,2.618,2.805,2.544,2.5716
2008-04-18,2.594,3.078,2.51,2.8917
2008-04-25,2.905,3.2546,2.884,3.1735
2008-05-02,3.185,3.229,2.967,3.16415
2008-05-09,3.188,3.2,2.912,2.96815
2008-05-16,2.967,3.274,2.926,3.1119
2008-05-23,3.113,3.277,3.0,3.1428
2008-05-30,3.147,3.513,3.144,3.42535
2008-06-06,3.42,3.43,3.144,3.1894
2008-06-13,3.184,3.765,3.155,3.71905
2008-06-20,3.701,3.765,3.524,3.5884
2008-06-27,3.595,3.665,3.331,3.3374
2008-07-04,3.411,3.413,3.238,3.2841
2008-07-11,3.269,3.315,3.052,3.28715
2008-07-18,3.287,3.442,3.004,3.4162
2008-07-25,3.43,3.5731,3.313,3.44525
2008-08-01,3.445,3.454,3.197,3.2178
2008-08-08,3.221,3.38,3.141,3.201
2008-08-15,3.204,3.32,3.056,3.1005
2008-08-22,3.107,3.232,2.981,3.13875
2008-08-29,3.142,3.152,3.014,3.09015
2008-09-05,3.096,3.159,2.761,2.97445
2008-09-12,3.192,3.226,2.813,2.9475
2008-09-19,2.954,3.097,2.351,3.0381
2008-09-26,3.03,3.144,2.856,3.05205
2008-10-03,2.961,3.066,2.614,2.62435
2008-10-10,2.527,2.878,2.334,2.7569
2008-10-17,3.026,3.082,2.746,2.8325
2008-10-24,2.859,2.879,2.403,2.5726
2008-10-31,2.556,2.853,2.526,2.80735
2008-11-07,2.806,2.84,2.423,2.5597
2008-11-14,2.563,2.645,2.28,2.32505
2008-11-21,2.317,2.356,1.872,2.0538
2008-11-28,2.039,2.237,1.909,1.91435
2008-12-05,1.919,1.98,1.487,1.69515
2008-12-12,1.702,1.858,1.407,1.51245
2008-12-19,1.526,1.613,1.19,1.3552
2008-12-26,1.36,1.585,1.327,1.513
2009-01-02,1.516,1.735,1.251,1.65405
2009-01-09,1.666,1.805,1.462,1.509
2009-01-16,1.528,1.567,1.316,1.4802
2009-01-23,1.454,1.711,1.449,1.62995
2009-01-30,1.637,1.915,1.55,1.8792
2009-02-06,1.883,1.972,1.732,1.96105
2009-02-13,1.965,2.024,1.689,1.876
2009-02-20,1.881,1.918,1.646,1.8314
2009-02-27,1.841,2.12,1.78,1.98645
2009-03-06,1.992,2.002,1.75,1.87995
2009-03-13,1.888,2.049,1.839,1.86665
2009-03-20,1.873,1.997,1.5,1.64175
2009-03-27,1.645,1.884,1.645,1.79925
2009-04-03,1.804,1.899,1.641,1.85495
2009-04-10,1.861,1.926,1.804,1.88405
2009-04-17,1.892,1.913,1.691,1.8937
2009-04-24,1.9,1.957,1.752,1.9445
2009-05-01,1.944,2.08,1.805,2.01225
2009-05-08,2.016,2.222,1.992,2.13805
2009-05-15,2.13,2.182,1.936,1.9998
2009-05-22,1.983,2.218,1.965,2.20355
2009-05-29,2.21,2.54,2.157,2.34075
2009-06-05,2.367,2.857,2.357,2.83345
2009-06-12,2.867,2.993,2.759,2.78205
2009-06-19,2.783,2.88,2.605,2.78915
2009-06-26,2.806,2.821,2.521,2.55135
2009-07-03,2.556,2.612,2.404,2.42575
2009-07-10,2.411,2.441,2.184,2.21395
2009-07-17,2.226,2.532,2.168,2.50405
2009-07-24,2.512,2.586,2.295,2.5281
2009-07-31,2.538,2.746,2.501,2.5144
2009-08-07,2.545,2.871,2.545,2.8215
2009-08-14,2.84,2.862,2.436,2.50425
2009-08-21,2.497,2.57,2.354,2.56295
2009-08-28,2.552,2.594,2.428,2.44845
2009-09-04,2.457,2.482,2.25,2.35655
2009-09-11,2.348,2.429,2.229,2.2987
2009-09-18,2.303,2.476,2.271,2.45335
2009-09-25,2.459,2.492,2.348,2.3642
2009-10-02,2.355,2.398,2.121,2.20615
2009-10-09,2.199,2.363,2.155,2.34975
2009-10-16,2.316,2.419,2.246,2.35215
2009-10-23,2.37,2.454,2.262,2.4476
2009-10-30,2.443,2.514,2.308,2.30755
2009-11-06,2.322,2.422,2.266,2.29805
2009-11-13,2.313,2.328,2.243,2.25345
2009-11-20,2.261,2.274,2.105,2.17935
2009-11-27,2.185,2.219,1.949,2.03335
2009-12-04,2.057,2.292,1.991,2.24665
2009-12-11,2.28,2.287,2.085,2.2529
2009-12-18,2.244,2.367,2.209,2.27695
2009-12-25,2.268,2.543,2.264,2.53575
2010-01-01,2.536,2.76,2.536,2.68135
2010-01-08,2.713,2.746,2.529,2.5895
2010-01-15,2.564,2.655,2.404,2.4176
2010-01-22,2.404,2.463,2.328,2.33555
2010-01-29,2.362,2.482,2.297,2.32405
2010-02-05,2.343,2.41,2.197,2.23825
2010-02-12,2.245,2.413,2.227,2.33125
2010-02-19,2.33,2.507,2.292,2.45165
2010-02-26,2.466,2.471,2.277,2.30345
2010-03-05,2.317,2.373,2.24,2.34315
2010-03-12,2.35,2.488,2.32,2.40935
2010-03-19,2.415,2.464,2.336,2.45505
2010-03-26,2.451,2.693,2.382,2.59305
2010-04-02,2.614,2.675,2.547,2.66245
2010-04-09,2.663,2.757,2.577,2.62735
2010-04-16,2.665,2.681,2.454,2.4695
2010-04-23,2.436,2.609,2.434,2.59065
2010-04-30,2.6,2.615,2.385,2.41645
2010-05-07,2.421,2.492,1.987,2.1668
2010-05-14,2.24,2.359,2.121,2.15475
2010-05-21,2.157,2.215,1.893,2.0243
2010-05-28,2.03,2.203,1.855,2.0977
2010-06-04,2.118,2.211,1.973,1.98755
2010-06-11,1.953,2.118,1.927,2.0243
2010-06-18,2.052,2.112,1.972,2.01395
2010-06-25,2.071,2.103,1.882,1.90215
2010-07-02,1.891,1.911,1.744,1.8165
2010-07-09,1.76,1.849,1.734,1.83855
2010-07-16,1.835,1.91,1.665,1.6693
2010-07-23,1.675,1.742,1.624,1.7346
2010-07-30,1.729,1.797,1.593,1.59645
2010-08-06,1.613,1.645,1.488,1.50465
2010-08-13,1.51,1.566,1.391,1.454
2010-08-20,1.448,1.484,1.351,1.45045
2010-08-27,1.454,1.515,1.278,1.4933
2010-09-03,1.496,1.538,1.329,1.48025
2010-09-10,1.459,1.612,1.375,1.58095
2010-09-17,1.612,1.627,1.396,1.4413
2010-09-24,1.441,1.462,1.258,1.3478
2010-10-01,1.344,1.365,1.225,1.2589
2010-10-08,1.25,1.258,1.074,1.1049
2010-10-15,1.106,1.199,1.073,1.1872
2010-10-22,1.172,1.186,1.071,1.1511
2010-10-29,1.15,1.341,1.11,1.1677
2010-11-05,1.197,1.226,1.016,1.0948
2010-11-12,1.085,1.383,1.069,1.36195
2010-11-19,1.355,1.561,1.35,1.5227
2010-11-26,1.542,1.587,1.353,1.52975
2010-12-03,1.549,1.73,1.422,1.6166
2010-12-10,1.584,1.998,1.514,1.98855
2010-12-17,1.979,2.162,1.869,1.96205
2010-12-24,1.968,2.078,1.88,2.05785
2010-12-31,2.071,2.188,1.995,2.00595
2011-01-07,2.014,2.168,1.926,1.96505
2011-01-14,2.017,2.078,1.859,1.9172
2011-01-21,1.896,2.076,1.876,2.01205
2011-01-28,2.021,2.088,1.905,1.92345
2011-02-04,1.898,2.305,1.896,2.26425
2011-02-11,2.269,2.424,2.262,2.35815
2011-02-18,2.359,2.415,2.253,2.26965
2011-02-25,2.225,2.228,2.111,2.1623
2011-03-04,2.163,2.345,2.082,2.18235
2011-03-11,2.193,2.237,1.995,2.05255
2011-03-18,2.029,2.058,1.802,1.93095
2011-03-25,1.987,2.185,1.945,2.15425
2011-04-01,2.185,2.353,2.16,2.24085
2011-04-08,2.24,2.352,2.17,2.31265
2011-04-15,2.34,2.342,2.111,2.1229
2011-04-22,2.115,2.145,2.046,2.1082
2011-04-29,2.117,2.158,1.964,1.9711
2011-05-06,1.979,2.01,1.837,1.85715
2011-05-13,1.891,1.942,1.791,1.83185
2011-05-20,1.816,1.918,1.76,1.79395
2011-05-27,1.786,1.839,1.702,1.7181
2011-06-03,1.704,1.76,1.542,1.59855
2011-06-10,1.599,1.642,1.493,1.56115
2011-06-17,1.566,1.696,1.45,1.52525
2011-06-24,1.524,1.572,1.37,1.3739
2011-07-01,1.385,1.844,1.355,1.78445
2011-07-08,1.776,1.782,1.546,1.57295
2011-07-15,1.559,1.584,1.371,1.4401
2011-07-22,1.441,1.579,1.405,1.50735
2011-07-29,1.51,1.571,1.344,1.35
2011-08-05,1.383,1.422,1.068,1.254
2011-08-12,1.219,1.247,0.864,0.9599
2011-08-19,0.97,1.001,0.792,0.8932
2011-08-26,0.897,1.055,0.885,0.9399
2011-09-02,0.946,1.026,0.836,0.8652
2011-09-09,0.836,0.936,0.796,0.8015
2011-09-16,0.804,0.987,0.786,0.91905
2011-09-23,0.921,0.921,0.762,0.8588
2011-09-30,0.894,1.013,0.843,0.9542
2011-10-07,0.961,1.097,0.843,1.0801
2011-10-14,1.149,1.208,1.047,1.117
2011-10-21,1.117,1.158,1.003,1.0627
2011-10-28,1.052,1.221,0.982,1.13375
2011-11-04,1.114,1.118,0.851,0.8811
2011-11-11,0.899,0.948,0.839,0.908
2011-11-18,0.966,0.969,0.853,0.9133
2011-11-25,0.913,0.939,0.869,0.9327
2011-12-02,0.97,1.02,0.907,0.91435
2011-12-09,0.946,0.975,0.828,0.8887
2011-12-16,0.894,0.894,0.798,0.8016
2011-12-23,0.812,0.992,0.796,0.97545
2011-12-30,1.004,1.018,0.832,0.8326
2012-01-06,0.833,0.923,0.833,0.8525
2012-01-13,0.854,0.88,0.769,0.7904
2012-01-20,0.788,0.896,0.772,0.8855
2012-01-27,0.88,0.927,0.741,0.7482
2012-02-03,0.746,0.789,0.698,0.7685
2012-02-10,0.768,0.877,0.747,0.8195
2012-02-17,0.836,0.907,0.777,0.8588
2012-02-24,0.883,0.927,0.857,0.8934
2012-03-02,0.894,0.925,0.821,0.8405
2012-03-09,0.849,0.922,0.813,0.89675
2012-03-16,0.894,1.166,0.868,1.1166
2012-03-23,1.119,1.226,1.063,1.08305
2012-03-30,1.097,1.127,0.992,1.0394
2012-04-06,1.068,1.12,0.887,0.8898
2012-04-13,0.891,0.955,0.842,0.8508
2012-04-20,0.85,0.876,0.821,0.8405
2012-04-27,0.841,0.893,0.784,0.8247
2012-05-04,0.827,0.849,0.774,0.7829
2012-05-11,0.758,0.79,0.731,0.74805
2012-05-18,0.735,0.77,0.705,0.7452
2012-05-25,0.744,0.793,0.723,0.7614
2012-06-01,0.762,0.778,0.59,0.621
2012-06-08,0.612,0.739,0.611,0.7107
2012-06-15,0.76,0.768,0.67,0.674
2012-06-22,0.702,0.782,0.659,0.7535
2012-06-29,0.746,0.758,0.683,0.7157
2012-07-06,0.729,0.732,0.637,0.6437
2012-07-13,0.637,0.649,0.603,0.6209
2012-07-20,0.622,0.628,0.57,0.5756
2012-07-27,0.57,0.68,0.536,0.6543
2012-08-03,0.651,0.682,0.581,0.6652
2012-08-10,0.677,0.753,0.634,0.7061
2012-08-17,0.694,0.839,0.684,0.7978
2012-08-24,0.802,0.828,0.668,0.7085
2012-08-31,0.712,0.712,0.587,0.5876
2012-09-07,0.592,0.724,0.587,0.6434
2012-09-14,0.63,0.741,0.62,0.7175
2012-09-21,0.718,0.722,0.662,0.6693
2012-09-28,0.67,0.68,0.606,0.6242
2012-10-05,0.617,0.678,0.601,0.6746
2012-10-12,0.643,0.692,0.631,0.6595
2012-10-19,0.659,0.793,0.655,0.74845
2012-10-26,0.752,0.833,0.741,0.7604
2012-11-02,0.742,0.779,0.715,0.7204
2012-11-09,0.721,0.758,0.622,0.6419
2012-11-16,0.64,0.652,0.598,0.6095
2012-11-23,0.62,0.692,0.615,0.6886
2012-11-30,0.695,0.695,0.612,0.6178
2012-12-07,0.617,0.646,0.591,0.6178
2012-12-14,0.619,0.709,0.598,0.6869
2012-12-21,0.705,0.793,0.691,0.762
2012-12-28,0.763,0.795,0.705,0.7078
2013-01-04,0.709,0.859,0.705,0.8101
2013-01-11,0.813,0.819,0.758,0.7765
2013-01-18,0.777,0.808,0.728,0.7605
2013-01-25,0.779,0.854,0.731,0.8482
2013-02-01,0.86,0.918,0.817,0.887
2013-02-08,0.904,0.92,0.812,0.8259
2013-02-15,0.827,0.914,0.825,0.8629
2013-02-22,0.872,0.898,0.822,0.8256
2013-03-01,0.838,0.851,0.739,0.7428
2013-03-08,0.74,0.921,0.729,0.8893
2013-03-15,0.893,0.911,0.826,0.8331
2013-03-22,0.771,0.819,0.765,0.7961
2013-03-29,0.815,0.829,0.724,0.76835
2013-04-05,0.788,0.792,0.657,0.69
2013-04-12,0.681,0.747,0.678,0.6882
2013-04-19,0.691,0.713,0.671,0.70565
2013-04-26,0.71,0.725,0.653,0.6815
2013-05-03,0.682,0.734,0.639,0.7265
2013-05-10,0.727,0.833,0.719,0.81565
2013-05-17,0.841,0.865,0.768,0.831
2013-05-24,0.837,0.93,0.779,0.8874
2013-05-31,0.905,1.09,0.903,1.0225
2013-06-07,1.043,1.102,0.947,1.0963
2013-06-14,1.1,1.203,1.002,1.0251
2013-06-21,1.042,1.436,1.002,1.42855
2013-06-28,1.428,1.558,1.347,1.3953
2013-07-05,1.403,1.614,1.323,1.60775
2013-07-12,1.609,1.634,1.349,1.42325
2013-07-19,1.424,1.46,1.282,1.2955
2013-07-26,1.295,1.446,1.275,1.3693
2013-08-02,1.362,1.527,1.351,1.3563
2013-08-09,1.36,1.406,1.344,1.35375
2013-08-16,1.355,1.611,1.337,1.5602
2013-08-23,1.578,1.727,1.535,1.62245
2013-08-30,1.628,1.673,1.515,1.64485
2013-09-06,1.698,1.864,1.652,1.7577
2013-09-13,1.763,1.777,1.661,1.69715
2013-09-20,1.698,1.698,1.385,1.481
2013-09-27,1.482,1.507,1.38,1.4034
2013-10-04,1.362,1.437,1.339,1.41
2013-10-11,1.393,1.473,1.367,1.41835
2013-10-18,1.455,1.472,1.29,1.3348
2013-10-25,1.34,1.367,1.254,1.28215
2013-11-01,1.286,1.383,1.25,1.3727
2013-11-08,1.36,1.435,1.27,1.41425
2013-11-15,1.425,1.461,1.325,1.34405
2013-11-22,1.355,1.408,1.307,1.3477
2013-11-29,1.358,1.398,1.301,1.37095
2013-12-06,1.375,1.545,1.372,1.48705
2013-12-13,1.497,1.552,1.444,1.53005
2013-12-20,1.536,1.714,1.47,1.6758
2013-12-27,1.677,1.759,1.67,1.73585
2014-01-03,1.737,1.806,1.702,1.73335
2014-01-10,1.75,1.777,1.617,1.6208
2014-01-17,1.632,1.7,1.581,1.62625
2014-01-24,1.63,1.707,1.493,1.54125
2014-01-31,1.548,1.611,1.485,1.491
2014-02-07,1.51,1.544,1.422,1.4681
2014-02-14,1.469,1.582,1.446,1.52545
2014-02-21,1.531,1.574,1.446,1.53375
2014-02-28,1.539,1.566,1.467,1.5024
2014-03-07,1.456,1.664,1.449,1.6371
2014-03-14,1.64,1.653,1.485,1.5353
2014-03-21,1.528,1.748,1.526,1.7096
2014-03-28,1.727,1.774,1.662,1.7487
2014-04-04,1.758,1.811,1.696,1.70135
2014-04-11,1.701,1.711,1.548,1.5765
2014-04-18,1.546,1.741,1.546,1.7301
2014-04-25,1.736,1.779,1.686,1.72405
2014-05-02,1.733,1.769,1.64,1.66515
2014-05-09,1.656,1.704,1.61,1.6274
2014-05-16,1.637,1.673,1.507,1.55335
2014-05-23,1.556,1.556,1.49,1.52745
2014-05-30,1.536,1.559,1.465,1.5383
2014-06-06,1.549,1.671,1.538,1.64855
2014-06-13,1.649,1.738,1.645,1.69385
2014-06-20,1.701,1.758,1.645,1.68125
2014-06-27,1.692,1.711,1.616,1.63725
2014-07-04,1.635,1.783,1.623,1.73845
2014-07-11,1.763,1.77,1.605,1.63895
2014-07-18,1.645,1.712,1.612,1.66545
2014-07-25,1.671,1.718,1.64,1.67555
2014-08-01,1.683,1.807,1.655,1.6635
2014-08-08,1.668,1.694,1.535,1.6192
2014-08-15,1.628,1.646,1.495,1.53695
2014-08-22,1.556,1.685,1.543,1.66055
2014-08-29,1.668,1.686,1.613,1.6258
2014-09-05,1.638,1.743,1.628,1.68985
2014-09-12,1.686,1.827,1.661,1.81605
2014-09-19,1.817,1.879,1.734,1.81505
2014-09-26,1.806,1.816,1.745,1.7951
2014-10-03,1.799,1.811,1.648,1.7196
2014-10-10,1.732,1.738,1.511,1.53575
2014-10-17,1.475,1.499,1.115,1.4192
2014-10-24,1.443,1.516,1.35,1.49155
2014-10-31,1.514,1.633,1.473,1.6087
2014-11-07,1.596,1.701,1.585,1.58605
2014-11-14,1.59,1.667,1.549,1.60455
2014-11-21,1.599,1.66,1.566,1.60825
2014-11-28,1.612,1.636,1.479,1.49185
2014-12-05,1.495,1.699,1.454,1.67985
2014-12-12,1.694,1.73,1.493,1.51225
2014-12-19,1.508,1.678,1.433,1.6446
2014-12-26,1.65,1.791,1.632,1.7586
2015-01-02,1.753,1.763,1.6,1.6078
2015-01-09,1.6,1.637,1.404,1.4214
2015-01-16,1.434,1.442,1.152,1.2936
2015-01-23,1.259,1.411,1.241,1.3064
2015-01-30,1.28,1.363,1.153,1.1523
2015-02-06,1.173,1.49,1.164,1.48045
2015-02-13,1.464,1.565,1.416,1.5352
2015-02-20,1.5,1.646,1.488,1.5894
2015-02-27,1.59,1.609,1.435,1.49885
2015-03-06,1.512,1.711,1.494,1.69635
2015-03-13,1.706,1.706,1.528,1.58635
2015-03-20,1.579,1.591,1.365,1.4152
2015-03-27,1.41,1.481,1.34,1.4327
2015-04-03,1.425,1.443,1.239,1.25575
2015-04-10,1.339,1.408,1.239,1.3954
2015-04-17,1.4,1.427,1.26,1.30705
2015-04-24,1.311,1.403,1.29,1.3166
2015-05-01,1.316,1.51,1.309,1.4981
2015-05-08,1.522,1.652,1.454,1.4838
2015-05-15,1.481,1.673,1.446,1.4628
2015-05-22,1.465,1.609,1.455,1.56085
2015-05-29,1.565,1.587,1.466,1.4845
2015-06-05,1.49,1.79,1.471,1.74265
2015-06-12,1.752,1.811,1.683,1.74185
2015-06-19,1.704,1.753,1.564,1.57335
2015-06-26,1.599,1.766,1.594,1.7553
2015-07-03,1.599,1.752,1.586,1.6307
2015-07-10,1.533,1.688,1.473,1.6587
2015-07-17,1.65,1.724,1.615,1.67035
2015-07-24,1.688,1.724,1.6,1.61745
2015-07-31,1.617,1.676,1.529,1.5328
2015-08-07,1.543,1.671,1.503,1.5733
2015-08-14,1.587,1.627,1.43,1.5978
2015-08-21,1.597,1.613,1.418,1.42995
2015-08-28,1.414,1.533,1.292,1.5175
2015-09-04,1.541,1.551,1.432,1.4705
2015-09-11,1.489,1.575,1.463,1.5103
2015-09-18,1.526,1.617,1.431,1.4382
2015-09-25,1.459,1.531,1.409,1.47505
2015-10-02,1.474,1.482,1.213,1.2898
2015-10-09,1.286,1.436,1.274,1.3987
2015-10-16,1.383,1.39,1.269,1.3512
2015-10-23,1.344,1.426,1.332,1.4169
2015-10-30,1.416,1.558,1.342,1.5209
2015-11-06,1.517,1.774,1.512,1.73125
2015-11-13,1.735,1.779,1.653,1.65935
2015-11-20,1.627,1.706,1.619,1.69045
2015-11-27,1.705,1.732,1.637,1.6471
2015-12-04,1.646,1.781,1.582,1.70795
2015-12-11,1.719,1.73,1.553,1.55845
2015-12-18,1.587,1.776,1.574,1.67535
2015-12-25,1.678,1.735,1.65,1.71465
2016-01-01,1.731,1.829,1.7,1.75735
2016-01-08,1.78,1.78,1.556,1.5589
2016-01-15,1.564,1.625,1.389,1.45515
2016-01-22,1.461,1.509,1.373,1.48365
2016-01-29,1.493,1.499,1.325,1.3288
2016-02-05,1.344,1.385,1.195,1.2459
2016-02-12,1.256,1.274,0.976,1.2048
2016-02-19,1.232,1.29,1.174,1.2205
2016-02-26,1.228,1.283,1.127,1.23895
2016-03-04,1.238,1.402,1.185,1.3749
2016-03-11,1.387,1.499,1.327,1.48805
2016-03-18,1.49,1.534,1.323,1.33385
2016-03-25,1.297,1.428,1.297,1.3777
2016-04-01,1.398,1.4,1.205,1.2233
2016-04-08,1.214,1.239,1.133,1.15185
2016-04-15,1.166,1.258,1.14,1.21165
2016-04-22,1.188,1.367,1.181,1.35835
2016-04-29,1.363,1.405,1.275,1.2932
2016-05-06,1.288,1.325,1.155,1.2297
2016-05-13,1.239,1.256,1.179,1.2064
2016-05-20,1.204,1.419,1.204,1.3659
2016-05-27,1.359,1.424,1.343,1.38555
2016-06-03,1.403,1.422,1.223,1.2283
2016-06-10,1.236,1.276,1.157,1.1679
2016-06-17,1.149,1.162,1.033,1.1153
2016-06-24,1.161,1.264,0.894,1.0743
2016-07-01,1.017,1.085,0.926,1.0034
2016-07-08,0.991,1.033,0.9,0.946
2016-07-15,0.959,1.156,0.956,1.11115
2016-07-22,1.125,1.169,1.076,1.1176
2016-07-29,1.125,1.181,1.02,1.0205
2016-08-05,1.035,1.14,0.996,1.1355
2016-08-12,1.141,1.164,1.057,1.095
2016-08-19,1.092,1.179,1.083,1.16495
2016-08-26,1.187,1.241,1.118,1.23245
2016-09-02,1.233,1.235,1.14,1.19705
2016-09-09,1.203,1.231,1.104,1.2217
2016-09-16,1.218,1.27,1.153,1.2008
2016-09-23,1.198,1.258,1.151,1.1585
2016-09-30,1.156,1.161,1.092,1.1484
2016-10-07,1.157,1.306,1.148,1.2592
2016-10-14,1.306,1.332,1.246,1.2891
2016-10-21,1.277,1.298,1.216,1.242
2016-10-28,1.248,1.368,1.233,1.3253
2016-11-04,1.318,1.354,1.229,1.2346
2016-11-11,1.3,1.56,1.153,1.548
2016-11-18,1.59,1.806,1.587,1.79155
2016-11-25,1.803,1.906,1.749,1.83625
2016-12-02,1.822,1.935,1.776,1.82985
2016-12-09,1.801,1.894,1.788,1.8865
2016-12-16,1.911,2.124,1.862,2.07295
2016-12-23,2.055,2.074,2.007,2.02875
2016-12-30,2.038,2.067,1.923,1.9332
2017-01-06,1.922,2.003,1.827,1.9247
2017-01-13,1.949,1.949,1.815,1.8978
2017-01-20,1.874,1.997,1.804,1.9357
2017-01-27,1.912,2.017,1.849,1.94665
2017-02-03,1.939,1.984,1.868,1.91045
2017-02-10,1.915,1.916,1.794,1.8857
2017-02-17,1.9,2.02,1.89,1.904
2017-02-24,1.921,1.957,1.799,1.80525
2017-03-03,1.816,2.061,1.809,2.01155
2017-03-10,2.006,2.148,1.986,2.09725
2017-03-17,2.112,2.147,1.996,2.01915
2017-03-24,2.027,2.028,1.908,1.9509
2017-03-31,1.915,1.98,1.883,1.92365
2017-04-07,1.931,1.939,1.784,1.9188
2017-04-14,1.918,1.934,1.744,1.76325
2017-04-21,1.72,1.787,1.696,1.76945
2017-04-28,1.77,1.875,1.77,1.81835
2017-05-05,1.814,1.928,1.803,1.8791
2017-05-12,1.898,1.951,1.844,1.8443
2017-05-19,1.845,1.878,1.713,1.7795
2017-05-26,1.794,1.843,1.766,1.7902
2017-06-02,1.786,1.791,1.702,1.7196
2017-06-09,1.72,1.791,1.692,1.7656
2017-06-16,1.776,1.795,1.673,1.74245
2017-06-23,1.745,1.8,1.73,1.7557
2017-06-30,1.758,1.893,1.743,1.8859
2017-07-07,1.895,1.968,1.877,1.9462
2017-07-14,1.947,1.954,1.819,1.86685
2017-07-21,1.864,1.871,1.795,1.80225
2017-07-28,1.798,1.893,1.795,1.8331
2017-08-04,1.827,1.857,1.78,1.81645
2017-08-11,1.826,1.842,1.735,1.74375
2017-08-18,1.75,1.837,1.728,1.76305
2017-08-25,1.775,1.792,1.744,1.7593
2017-09-01,1.768,1.77,1.669,1.73915
2017-09-08,1.705,1.719,1.599,1.63565
2017-09-15,1.669,1.812,1.661,1.8047
2017-09-22,1.812,1.893,1.807,1.86395
2017-09-29,1.877,1.954,1.828,1.93845
2017-10-06,1.944,2.003,1.893,1.95695
2017-10-13,1.959,1.969,1.896,1.899
2017-10-20,1.92,2.027,1.91,2.01775
2017-10-27,2.027,2.093,1.998,2.0322
2017-11-03,2.022,2.059,1.975,1.9925
2017-11-10,2.0,2.058,1.977,2.054
2017-11-17,2.056,2.092,2.018,2.05415
2017-11-24,2.053,2.115,2.038,2.06275
2017-12-01,2.07,2.171,2.038,2.11855
2017-12-08,2.168,2.173,2.103,2.14065
2017-12-15,2.145,2.199,2.107,2.15125
2017-12-22,2.171,2.256,2.151,2.24985
2017-12-29,2.254,2.263,2.193,2.20555
2018-01-05,2.231,2.292,2.215,2.28435
2018-01-12,2.295,2.382,2.273,2.34565
2018-01-19,2.353,2.454,2.326,2.45165
2018-01-26,2.458,2.482,2.409,2.46935
2018-02-02,2.47,2.621,2.467,2.5875
2018-02-09,2.59,2.612,2.343,2.54245
2018-02-16,2.581,2.687,2.522,2.62655
2018-02-23,2.653,2.693,2.605,2.61915
2018-03-02,2.625,2.687,2.563,2.63085
2018-03-09,2.61,2.677,2.569,2.65105
2018-03-16,2.661,2.669,2.589,2.64265
2018-03-23,2.654,2.735,2.586,2.60185
2018-03-30,2.608,2.65,2.54,2.56115
2018-04-06,2.58,2.645,2.535,2.58665
2018-04-13,2.598,2.691,2.582,2.67005
2018-04-20,2.686,2.802,2.676,2.80075
2018-04-27,2.807,2.854,2.796,2.8031
2018-05-04,2.848,2.848,2.745,2.78625
2018-05-11,2.789,2.843,2.777,2.83735
2018-05-18,2.845,2.957,2.828,2.88725
2018-05-25,2.912,2.917,2.757,2.76265
2018-06-01,2.733,2.77,2.559,2.74575
2018-06-08,2.755,2.829,2.725,2.78465
2018-06-15,2.794,2.871,2.769,2.79825
2018-06-22,2.799,2.82,2.723,2.76595
2018-06-29,2.767,2.77,2.694,2.73865
2018-07-06,2.736,2.773,2.701,2.71695
2018-07-13,2.723,2.774,2.723,2.72575
2018-07-20,2.723,2.795,2.723,2.76365
2018-07-27,2.764,2.868,2.751,2.84535
2018-08-03,2.848,2.887,2.814,2.81335
2018-08-10,2.821,2.848,2.724,2.74565
2018-08-17,2.74,2.777,2.707,2.74215
2018-08-24,2.748,2.75,2.692,2.71475
2018-08-31,2.724,2.789,2.716,2.73735
2018-09-07,2.738,2.828,2.733,2.81855
2018-09-14,2.823,2.907,2.811,2.9041
2018-09-21,2.89,2.977,2.878,2.95105
2018-09-28,2.954,2.99,2.927,2.95375
2018-10-05,2.96,3.092,2.931,3.07185
2018-10-12,3.059,3.087,2.98,3.02085
2018-10-19,3.015,3.074,2.994,3.04715
2018-10-26,3.048,3.062,2.885,2.90795
2018-11-02,2.914,3.045,2.892,3.04075
2018-11-09,3.03,3.098,3.013,3.03965
2018-11-16,2.999,3.025,2.878,2.88075
2018-11-23,2.875,2.918,2.853,2.8713
2018-11-30,2.875,2.907,2.809,2.82175
2018-12-07,2.87,2.887,2.679,2.70005
2018-12-14,2.674,2.776,2.672,2.73315
2018-12-21,2.736,2.741,2.597,2.63605
2018-12-28,2.638,2.669,2.551,2.55385
2019-01-04,2.585,2.585,2.351,2.49995
2019-01-11,2.501,2.596,2.462,2.5254
2019-01-18,2.517,2.635,2.482,2.62395
2019-01-25,2.606,2.611,2.533,2.59665
2019-02-01,2.596,2.609,2.425,2.50245
2019-02-08,2.515,2.55,2.429,2.44365
2019-02-15,2.446,2.537,2.444,2.49225
2019-02-22,2.501,2.518,2.452,2.47015
2019-03-01,2.485,2.566,2.437,2.5604
2019-03-08,2.57,2.57,2.4,2.43115
2019-03-15,2.429,2.476,2.382,2.3959
2019-03-22,2.402,2.437,2.224,2.23945
2019-03-29,2.254,2.27,2.118,2.2346
2019-04-05,2.261,2.352,2.246,2.30785
2019-04-12,2.314,2.382,2.265,2.37595
2019-04-19,2.373,2.43,2.356,2.36835
2019-04-26,2.368,2.391,2.28,2.28905
2019-05-03,2.33,2.395,2.217,2.32595
2019-05-10,2.273,2.297,2.215,2.26745
2019-05-17,2.225,2.237,2.128,2.17535
2019-05-24,2.186,2.238,2.082,2.12135
2019-05-31,2.115,2.126,1.908,1.9151
2019-06-07,1.908,1.921,1.791,1.8505
2019-06-14,1.899,1.945,1.796,1.83505
2019-06-21,1.847,1.875,1.709,1.79635
2019-06-28,1.794,1.835,1.709,1.7672
2019-07-05,1.816,1.862,1.709,1.83655
2019-07-12,1.841,1.919,1.803,1.87005
2019-07-19,1.921,1.921,1.765,1.8155
2019-07-26,1.82,1.887,1.783,1.8527
2019-08-02,1.845,1.908,1.634,1.65985
2019-08-09,1.668,1.671,1.416,1.5784
2019-08-16,1.602,1.602,1.383,1.4226
2019-08-23,1.428,1.543,1.386,1.41325
2019-08-30,1.35,1.435,1.328,1.3898
2019-09-06,1.39,1.489,1.308,1.43035
2019-09-13,1.431,1.762,1.423,1.75655
2019-09-20,1.756,1.756,1.597,1.59935
2019-09-27,1.634,1.64,1.504,1.5644
2019-10-04,1.56,1.624,1.32,1.34785
2019-10-11,1.329,1.594,1.319,1.55415
2019-10-18,1.544,1.624,1.498,1.56505
2019-10-25,1.549,1.645,1.549,1.62495
2019-11-01,1.629,1.685,1.498,1.54325
2019-11-08,1.565,1.783,1.565,1.7498
2019-11-15,1.739,1.769,1.612,1.65255
2019-11-22,1.643,1.672,1.551,1.6232
2019-11-29,1.634,1.652,1.586,1.6234
2019-12-06,1.642,1.699,1.518,1.6667
2019-12-13,1.668,1.777,1.613,1.6557
2019-12-20,1.663,1.763,1.661,1.73285
2019-12-27,1.735,1.771,1.678,1.6772
2020-01-03,1.678,1.73,1.581,1.59285
2020-01-10,1.568,1.691,1.503,1.63235
2020-01-17,1.664,1.666,1.592,1.62195
2020-01-24,1.62,1.621,1.489,1.50795
2020-01-31,1.451,1.487,1.31,1.31415
2020-02-07,1.323,1.497,1.318,1.4035
2020-02-14,1.382,1.455,1.362,1.41675
2020-02-21,1.409,1.426,1.283,1.3216
2020-02-28,1.278,1.281,0.894,0.9484
2020-03-06,0.875,0.95,0.49,0.6101
2020-03-13,0.403,0.766,0.312,0.7263
2020-03-20,0.461,0.841,0.392,0.47665
2020-03-27,0.419,0.57,0.348,0.3997
2020-04-03,0.385,0.418,0.323,0.38515
2020-04-10,0.392,0.519,0.392,0.4101
2020-04-17,0.411,0.46,0.315,0.3572
2020-04-24,0.36,0.386,0.301,0.3742
2020-05-01,0.377,0.413,0.324,0.3521
2020-05-08,0.35,0.405,0.272,0.333
2020-05-15,0.342,0.373,0.281,0.31055
2020-05-22,0.305,0.38,0.294,0.3326
2020-05-29,0.335,0.378,0.299,0.3028
2020-06-05,0.294,0.506,0.288,0.4622
2020-06-12,0.468,0.481,0.298,0.3319
2020-06-19,0.306,0.366,0.294,0.3242
2020-06-26,0.325,0.349,0.292,0.2996
2020-07-03,0.296,0.331,0.266,0.29345
2020-07-10,0.297,0.32,0.258,0.30315
2020-07-17,0.293,0.312,0.266,0.27785
2020-07-24,0.283,0.29,0.256,0.2732
2020-07-31,0.274,0.296,0.206,0.2083
2020-08-07,0.212,0.234,0.189,0.22865
2020-08-14,0.231,0.323,0.211,0.2953
2020-08-21,0.298,0.298,0.252,0.2667
2020-08-28,0.268,0.329,0.261,0.27125
2020-09-04,0.269,0.305,0.226,0.29985
2020-09-11,0.294,0.294,0.25,0.2524
2020-09-18,0.256,0.285,0.248,0.28265
2020-09-25,0.282,0.283,0.255,0.26575
2020-10-02,0.267,0.301,0.247,0.2871
2020-10-09,0.288,0.351,0.28,0.3397
2020-10-16,0.328,0.331,0.287,0.3241
2020-10-23,0.331,0.384,0.325,0.3725
2020-10-30,0.365,0.389,0.314,0.3836
2020-11-06,0.373,0.424,0.307,0.3602
2020-11-13,0.364,0.465,0.345,0.4086
2020-11-20,0.408,0.422,0.368,0.3723
2020-11-27,0.362,0.407,0.362,0.3679
2020-12-04,0.37,0.435,0.358,0.4218
2020-12-11,0.421,0.423,0.35,0.3631
2020-12-18,0.372,0.393,0.353,0.3806
2020-12-25,0.373,0.388,0.342,0.363
2021-01-01,0.373,0.389,0.357,0.36
